x1,y1,z1,x2,y2,z2,x3,y3,z3
"-1.3618927,-0.15838623,9.957535","-3.7929993,4.6511993,8.398605","3.9633484,-2.0570831,7.777664"
"-1.3786316,-0.11051941,9.95993","-4.1435394,4.9526825,7.620941","3.654663,-2.1420288,7.4498596"
"-1.3894043,-0.14402771,9.961121","-1.9780426,4.916794,13.134003","2.8973389,-0.7697449,7.7824554"
"-1.4217072,-0.11172485,9.937195","-0.96946716,6.561859,10.552155","4.5794983,0.30462646,8.255035"
"-1.4073486,-0.102142334,9.956329","-5.369858,7.443619,6.498703","3.1138916,2.401947,7.9667053"
"-1.4061584,-0.13085938,9.940781","-4.1519165,1.7116089,-0.113861084","3.769516,3.3279572,8.255035"
"-1.3905945,-0.13085938,9.977875","-9.834869,4.7768097,-7.0721893","4.311493,3.4440155,7.5479584"
"-1.4037628,-0.10334778,9.969498","-9.863586,16.627274,7.2309113","4.800827,3.3590698,9.834305"
"-1.3953857,-0.13206482,9.977875","-2.11203,7.9401245,1.6257172","0.432724,-2.1695557,7.8075867"
"-1.3882141,-0.10813904,9.953949","3.830536,-0.64411926,0.8707886","-0.54473877,-5.385498,6.4101715"
"-1.4073486,-0.106933594,9.951553","-18.099686,20.580215,14.570892","-2.7090454,-7.2363434,6.247467"
"-1.3894043,-0.12966919,9.974289","-6.298279,1.5046387,-1.2528381","-2.6755524,-7.2495117,6.242676"
"-1.4085388,-0.13085938,9.951553","-1.3235931,-4.411621,-5.0681915","-0.76368713,-6.4766235,7.320648"
"-1.3870087,-0.118896484,9.953949","-12.463394,7.5907745,-12.594818","-1.1955872,-5.648712,7.0969086"
"-1.379837,-0.10334778,10.012573","-8.56308,14.1483,1.5180511","4.4000244,-4.7095337,8.063614"
"-1.404953,-0.1607666,9.964706","3.9525757,1.4651489,3.1236267","-2.5906067,-0.7470093,8.68335"
"-1.4013672,-0.118896484,9.955139","-10.025101,19.923386,17.255646","1.8839722,1.1397247,8.868805"
"-1.3905945,-0.1177063,9.952744","-7.626297,5.0926666,3.2348938","3.2442932,3.0444183,9.105682"
"-1.400177,-0.12846375,9.958725","-4.1842194,1.2617645,3.8953094","2.1962433,2.915207,8.712067"
"-1.4073486,-0.0949707,9.983856","-6.4418488,-0.7733307,-3.5056915","3.859253,3.0838928,8.2921295"
"-1.4037628,-0.123687744,9.983856","-10.058594,12.496063,18.079971","3.4393158,2.8805084,8.561325"
"-1.4360657,-0.12966919,9.968292","3.2909546,1.8982544,8.5385895","3.8006287,2.7740173,8.941772"
"-1.3905945,-0.11051941,9.971893","7.1864777,5.262558,4.5772705","3.5158844,0.32736206,7.763321"
"-1.4025574,-0.09257507,9.9730835","-11.779037,12.241226,31.649673","1.032135,-1.7005615,8.56012"
"-1.400177,-0.11172485,9.951553","-5.8292847,0.55348206,3.638092","2.947586,-2.7390442,8.605591"
"-1.3941956,-0.11172485,9.993423","-6.9957886,0.9483032,0.43051147","1.7810822,-3.0453186,8.738388"
"-1.3630829,-0.106933594,10.006592","-11.637863,8.690277,17.906494","3.1390076,-3.983307,7.2357025"
"-1.4432373,-0.16316223,9.892929","0.47340393,4.067337,8.25145","0.3944397,-4.4379425,7.602997"
"-1.400177,-0.118896484,9.975479","2.5994263,2.0956573,4.5724792","5.598831,-2.3537903,7.8745728"
"-1.4420471,-0.104537964,9.935989","-4.930786,16.148712,17.625336","1.6470947,2.1937714,8.725235"
"-1.4193115,-0.15478516,9.93959","-9.844437,4.062561,1.4223328","2.6963348,3.1377258,8.557724"
"-1.4300842,-0.07463074,9.952744","-9.649429,-0.4096222,-0.12940979","3.7958374,3.4344482,8.830505"
"-1.4025574,-0.13206482,9.941986","-20.200577,9.411713,5.3501587","1.8971405,3.109024,8.43689"
"-1.3726501,-0.118896484,10.0269165","-10.053818,13.430466,16.76033","2.3577576,3.0001526,8.3615265"
"-1.4145355,-0.16674805,9.934799","-0.011138916,6.050995,6.3371887","2.5180817,3.026474,8.471588"
"-1.4396515,-0.12727356,9.925232","4.500534,3.9895782,6.370697","2.5850677,3.2214813,8.584045"
"-1.4420471,-0.16555786,9.921646","-8.84903,10.649994,14.623535","2.5910645,2.8565826,8.843674"
"-1.4073486,-0.11531067,9.987442","-10.632874,8.027466,3.8319092","3.7479858,0.91360474,9.005188"
"-1.3965759,-0.10932922,9.968292","-8.260391,0.32377625,0.017745972","3.1557617,-1.5067291,8.1940155"
"-1.4145355,-0.118896484,9.968292","-10.915237,6.659973,0.9629059","4.829544,-2.12648,7.5814514"
"-1.4157257,-0.09017944,9.962311","-4.626892,10.614105,14.185654","2.372116,-3.9151154,7.2309113"
"-1.4264984,-0.13923645,9.912064","4.110504,2.3493042,3.658432","1.8468933,-4.0347595,7.5168457"
"-1.4085388,-0.09736633,9.993423","2.6939545,2.8769073,1.3481598","3.2670288,-3.3348541,8.089935"
"-1.425293,-0.20265198,9.913269","-7.025696,6.4481964,17.861023","2.3613434,-3.3707428,7.6484528"
"-1.4264984,-0.11051941,9.93959","-5.371063,0.6551819,7.172287","3.0803833,-2.3202972,7.715454"
"-1.400177,-0.118896484,9.957535","-3.8875122,3.0085144,-4.9653015","2.1902618,-1.9254761,7.7537384"
"-1.5317688,-0.15000916,9.920441","-5.5780334,2.3014374,22.999619","6.1132965,1.2246704,7.726227"
"-1.3929901,-0.12608337,10.037689","-4.157898,3.9632568,7.3505554","1.8325348,2.6675415,8.653442"
"-1.3977814,-0.12966919,9.975479","3.1019287,2.5526886,7.086151","3.982483,4.596161,9.082962"
"-1.4228973,-0.133255,9.967102","-1.8404541,3.4655457,25.20221","2.7932434,3.6282654,8.29332"
"-6.0757446,6.9124146,5.072586","-4.5311737,4.440628,10.657425","4.50531,1.375412,7.9655"
"-5.640259,6.919586,5.43869","-3.9078522,4.2288666,6.6027985","4.065033,1.2545776,9.203796"
"-5.649826,6.9255676,5.3860474","-5.0767365,5.5353394,3.725418","4.159546,2.0525818,7.189041"
"-5.6761475,7.045212,5.072586","-2.5331726,7.8444214,6.802597","4.242111,2.5347443,5.7162476"
"-5.7778473,6.9578705,5.2843475","-6.5100403,6.695862,7.356537","4.694351,2.2679443,6.7427673"
"-5.6390533,6.967453,5.096512","-4.794388,1.3670502,2.3280182","4.7733154,1.9233704,7.67717"
"-5.266968,6.536743,5.389633","-8.783218,1.9568787,-0.4273224","4.5507813,1.6817017,8.337585"
"-5.9812317,7.1959534,5.104889","-23.343552,19.252197,-1.2947235","4.717087,1.6290588,9.346161"
"-5.5816345,6.8920746,5.3657074","-8.773651,14.077713,3.4729767","4.4789886,1.7164001,11.045074"
"-5.5565033,6.7927704,5.2879333","1.911499,5.269745,-1.9862366","3.921463,2.246399,10.633499"
"-5.5457306,6.919586,5.2831573","5.627548,-1.4181976,1.22612","2.918869,1.8360443,10.058029"
"-5.8376617,6.960266,5.289139","-10.232086,20.829071,19.601807","3.3651428,4.8689423,2.1988068"
"-5.612732,6.8669434,5.3142548","-7.872757,5.997162,5.4733887","2.8638458,6.2579803,2.8305054"
"-5.793396,6.7197876,5.7318115","-4.8003693,2.8493958,-0.49790955","2.2787933,6.877716,3.4741821"
"-4.3289795,6.6408234,6.0644073","-3.9640808,-0.35220337,-1.9419708","2.2153778,7.4675446,1.34935"
"-4.704666,6.655182,6.063217","-6.642853,9.491867,-2.0723877","2.2129974,5.829651,1.6137543"
"-4.8673706,6.508026,6.64946","-7.69928,9.35788,8.269394","4.343796,3.601944,3.0973053"
"-5.375839,7.313202,5.965103","-3.779831,8.903244,1.2703857","6.225754,2.0095215,4.6586304"
"-6.907257,10.664352,3.4933167","1.1601563,3.2513885,9.102097","10.4036255,1.169632,13.330215"
"-0.59498596,5.081894,3.7074738","4.1296387,4.7540894,2.1641083","4.9384155,0.5845947,11.408783"
"-1.2649841,3.4691315,2.3950195","-19.114243,16.968246,9.472992","2.7035217,1.5859833,8.9166565"
"-5.411743,4.062561,4.7339935","-8.758102,6.9494934,-3.1730804","3.8771973,2.7859802,6.8815613"
"-7.125,2.3480988,6.81575","-7.203964,3.0659485,-1.4023895","4.373703,2.2236786,6.9904327"
"-9.365875,0.3405304,8.953735","-9.125397,4.317398,3.030304","4.446686,1.9293518,9.224136"
"-13.662186,-3.6124268,2.1521454","-8.370468,2.3457031,20.569702","4.4766083,2.3385315,7.7609253"
"-16.314636,-1.4253845,3.4622192","1.2893677,3.1987457,11.896912","4.898941,2.464157,9.727814"
"-14.224503,-0.6201935,5.307083","1.3001251,2.862564,9.691925","2.9942474,1.178009,11.524826"
"-13.724411,-0.66685486,0.75234985","3.1342316,1.3383331,5.967499","3.3148804,3.3459015,6.8492584"
"-15.364685,-0.50653076,-0.9405823","0.5272522,4.9443207,13.520447","2.9786987,4.979004,7.2237244"
"-11.280136,-0.5771179,3.285141","1.9533691,0.65278625,13.689133","0.68995667,6.1766205,6.8372955"
"-7.4647827,0.47930908,-0.28494263","-5.1042633,3.03125,5.454239","0.7940521,5.993561,6.0033875"
"-6.57106,0.31539917,0.9641113","-5.7263947,2.2164917,5.3417816","0.7174835,5.698059,4.3966064"
"-8.176651,-1.0891876,-0.44766235","-7.9397583,1.280899,16.095123","2.2453003,6.2603607,5.417145"
"-15.705658,-1.5928802,0.8049774","0.3023224,3.8172913,9.691925","2.4139862,5.341522,3.9886322"
"-14.638458,0.6958618,2.7312012","1.7954407,1.4854889,4.7124634","1.8349304,3.3853912,3.6129608"
"-12.50885,-0.23854065,-1.6811523","1.6411133,1.0117035,5.3740845","0.91607666,2.364853,10.053238"
"-12.459793,-0.5280762,0.5214386","3.1509705,-0.27442932,20.792236","-0.51123047,3.0204773,15.184647"
"-15.134979,0.20892334,2.0600128","-6.188202,3.7203827,6.1230316","-0.71821594,0.95547485,11.339386"
"-13.663391,-0.004043579,5.893326","-7.0532074,3.120987,4.7866364","1.8002319,2.2846985,7.582657"
"-5.489502,1.9389343,4.711273","-5.4225006,2.1638489,9.500504","2.2596436,1.6182861,10.591629"
"2.7884674,0.41470337,8.860428","-9.249832,1.9532928,15.983856","2.372116,1.7810059,8.648651"
"0.7605438,2.6352386,5.145569","0.74380493,2.4821014,10.774673","2.5180817,2.1207886,8.938187"
"3.8903656,3.183197,10.456436","2.186676,1.7702332,5.585846","1.6985321,1.753479,9.298309"
"3.1713104,3.4081268,7.8446655","1.504715,-0.036346436,3.1020966","2.0095978,2.4258728,9.481354"
"-2.3142242,4.2001495,7.6640167","1.2702179,0.9267578,18.481964","1.4783936,2.5491028,9.976669"
"-1.075943,4.1929626,7.3469696","-4.095688,3.692871,8.507477","1.1051178,2.1746216,12.314468"
"-1.0855103,3.684494,7.072983","-5.243042,2.7823944,5.138382","2.1471863,3.7263641,9.617752"
"-4.7441406,5.7530823,8.192825","-6.59021,1.3155975,5.317856","1.5597534,3.7275696,8.022934"
"-3.7618866,5.885895,6.145767","-8.237656,1.1887817,20.750366","3.5039215,6.060562,-0.060028076"
"-1.055603,4.8258667,4.389435","0.39804077,3.4727325,11.203003","4.316284,6.039032,3.2994995"
"-4.491699,6.441025,11.54039","-4.564682,4.2037354,8.000198","4.2839813,1.3239746,8.1892395"
"-3.0464325,7.0846863,5.6528473","-2.3214111,3.630661,9.718246","3.6929474,1.1863861,8.594818"
"-2.4099426,1.5632477,1.6699829","-1.3953857,1.3981476,10.035294","4.0793915,1.645813,8.122238"
"-15.112244,4.177414,-0.7264252","-1.9959869,2.5467072,13.69632","4.0913544,1.6398315,7.51326"
"-14.46019,6.194565,8.290924","-3.2067566,3.1700287,11.920837","4.060257,1.4136963,8.213165"
"-6.59021,-4.4008484,-0.5457611","-5.9608917,3.0695343,6.89592","4.417984,1.5608673,7.757324"
"-14.453018,3.6342468,2.9860382","-5.604355,1.4603577,1.8781586","4.4873657,1.4412231,8.04686"
"-5.752716,10.653595,7.6843567","-8.66597,0.42427063,13.078964","4.327057,1.3455048,8.475174"
"-6.935974,8.218887,6.1756744","-0.23965454,1.8192902,15.007584","4.8522797,1.4627533,9.695511"
"-10.3242035,4.962265,5.741379","0.2568512,1.6111145,6.3371887","2.7166748,0.98179626,10.711273"
"-15.842056,1.0404205,-4.0356903","1.5513763,1.5596619,6.474777","0.7557678,2.2691345,10.809372"
"-12.478943,2.4545746,-1.3557281","0.0869751,1.88031,10.913467","1.361145,3.5337372,7.3182526"
"-3.977234,-4.361374,-0.7252197","-3.7367554,1.1660461,12.62912","2.3003235,3.0635529,5.898102"
"-17.00496,-7.464859,-1.5686951","-5.415329,1.8288574,4.468399","3.5086975,6.253189,1.2584229"
"-21.212738,-1.6598816,1.1483612","-6.380829,2.4282532,5.72583","2.9212646,7.3598633,2.8293152"
"-13.950531,1.4400177,1.6663971","-9.654221,3.6713257,11.065414","2.2381134,6.4278564,3.519638"
"-10.308655,2.8159027,-0.709671","-2.5906067,2.64003,19.849457","3.0935516,5.410919,1.9678955"
"-19.579636,2.0872803,1.5383911","1.9043121,2.0992432,5.70549","3.2957458,3.7981567,3.4622192"
"-21.434082,-4.4367523,2.339981","2.162735,-0.50294495,-1.2959137","4.159546,3.1473083,6.4400787"
"-14.198181,-5.3783264,-0.14137268","6.7294464,4.789978,7.977478","6.3023224,3.8747253,9.390427"
"-7.150131,-5.5625763,0.84565735","-2.086914,5.407318,16.564117","6.510498,0.69944763,13.519241"
"-4.454605,-4.476227,0.9605255","-9.953323,8.637634,7.9595184","3.3842773,0.41230774,8.680954"
"-14.930389,-5.6092377,-1.4801636","-6.3880157,0.8585663,2.17128","4.3749084,1.9185944,7.011963"
"-19.211151,-0.61302185,0.46759033","-3.7283936,2.5933685,4.9385834","5.0401154,1.9102173,7.0382843"
"-14.526001,3.8220825,-0.4691925","-9.067978,7.4795074,23.137192","5.0377197,1.831253,8.37587"
"-15.685318,6.3369293,-0.7192383","2.9655304,5.3379364,6.132599","3.9932556,1.974823,8.594818"
"-17.908249,0.95547485,2.7539368","5.3810883,0.2292633,2.6079712","4.640503,2.4318542,10.1992035"
"-22.273956,-3.4461212,2.5194397","8.642502,4.1295624,12.172089","2.100525,3.0862885,10.894318"
"-14.498489,-4.5803223,2.4249268","-4.9606934,6.624069,26.494324","1.9868622,3.910614,8.840088"
"-2.5666656,-6.256485,-0.6845398","-3.4974823,2.9929657,-0.9692993","2.3948517,4.3484955,5.1407776"
"-0.5088501,-5.508728,-4.0895386","-9.006958,-0.031555176,4.4348907","3.756363,6.0330505,2.6211395"
"-16.284729,-5.6582794,1.9774628","-7.828491,3.7371368,-0.4811554","1.7619476,7.748703,3.2863464"
"-20.80716,1.1756134,3.6045837","-6.8582,7.600342,20.213165","-0.93356323,6.828659,6.8349"
"-13.613144,1.3335419,-1.6560364","-2.6444397,7.678116,7.47258","1.9282379,6.971039,4.0388794"
"-16.130386,4.6392365,1.776474","1.3443909,1.2904663,6.1362","4.964737,7.3359375,0.9856415"
"-18.67157,2.238037,1.7728882","3.1832733,2.9391327,3.0075836","2.248886,4.5626526,1.6173553"
"-20.502075,-3.3779297,1.8853455","-7.45401,6.926773,20.758728","2.2416992,4.135544,2.1509552"
"-12.768478,-4.911728,1.7645111","-2.1371613,2.5526886,7.238083","5.893158,1.5309448,10.944565"
"-4.716629,-4.751404,-0.75154114","-4.083725,-0.75180054,9.9240265","7.8803864,0.096450806,15.884552"
"-11.617523,-4.7119293,-0.2705841","-7.1429443,2.1171875,2.9812622","4.4766083,0.9758148,7.3385925"
"-16.328995,-5.3507996,-0.9621124","-7.02211,6.3417206,17.795227","4.697937,1.3969574,7.5898285"
"-16.068176,-1.1466217,1.3230286","-0.014724731,5.468338,15.476578","4.2145844,1.748703,6.7559357"
"-15.867172,3.470337,-1.2887421","0.9412079,3.3495026,6.152939","4.6500854,1.4591675,7.3840485"
"-19.683731,4.38678,4.069992","0.2640381,0.23762512,5.9280243","5.938614,1.625473,8.655838"
"-19.293701,-2.9926758,2.2921295","0.94599915,3.1042328,13.623337","4.5400085,1.4926605,10.72084"
"-16.843445,-3.6148071,3.0721893","-3.335968,1.1875763,16.458832","4.2971344,2.39357,11.688736"
"-9.558502,-4.3350525,0.15414429","-5.683319,3.2669373,6.620743","4.9886627,4.1259613,6.1218414"
"-5.4954834,-4.128067,-0.28494263","-8.52121,1.7463074,1.6472626","4.727844,4.641617,2.4596252"
"-11.536163,-5.667862,0.5405731","-10.075348,0.71022034,6.7092743","2.823166,5.915802,1.707077"
"-19.489914,-4.2572937,-1.9001007","-4.7393494,2.4174957,20.3723","3.206009,6.224472,2.7144623"
"-1.955307,3.6007385,8.207184","-4.4570007,5.672928,6.851654","6.149185,-0.39886475,6.560913"
"-2.7581024,1.1145935,-1.0075836","-4.4438477,5.5233765,7.518051","5.610794,-0.21939087,6.922241"
"-6.419113,-2.4925842,-3.2436676","-4.4079437,5.1034393,8.298111","5.4181824,-0.26367188,6.6111755"
"-17.25142,-5.352005,3.925232","-3.1397552,5.2470093,8.730011","6.086975,-0.23735046,6.6434784"
"-26.234085,-3.3563843,13.340988","-1.3726501,7.55249,12.185257","6.4913635,-0.20144653,6.909073"
"-20.923218,1.5417175,3.5339966","-4.770462,3.615097,8.603195","5.013794,-0.16316223,6.8923187"
"-19.427704,8.173431,8.878372","-6.522003,1.1815948,2.9465637","5.4432983,-0.116500854,7.217743"
"-11.489502,2.9008484,8.866409","-9.023697,3.968048,2.824524","5.774704,-0.22059631,7.970291"
"-5.2538147,-0.31152344,1.4103699","-8.785614,10.206131,14.032501","5.5437927,-0.31391907,9.634506"
"-4.630478,1.5512848,6.1433716","0.5547638,3.1592712,9.190628","4.583084,0.05218506,10.0759735"
"-9.863586,2.727356,6.3934174","3.131836,1.3263702,4.908676","5.2793884,-0.5304718,11.277176"
"-12.818726,1.0799103,5.693527","0.44230652,4.641617,12.868393","5.6203766,0.47691345,8.034897"
"-10.53717,2.1447144,0.6063843","-6.3664703,1.6685333,22.364319","2.3003235,5.205124,2.162918"
"-6.146332,-0.05189514,0.62672424","-7.1226044,1.8085175,3.5710907","1.2163849,6.1598663,2.8963165"
"-7.3487244,-2.6564941,-2.8141632","-8.281937,2.4294586,2.8759766","2.9045105,6.890869,4.004196"
"-15.758301,-6.482605,-0.67855835","-9.499878,3.7646484,10.656235","3.111496,7.201935,4.111862"
"-19.121414,-2.78331,3.7397766","-5.588806,5.2158966,11.989044","2.6831818,6.601349,3.5387878"
"-13.59639,-2.2927856,0.053634644","0.52485657,3.5588684,6.9940186","2.556366,5.2111206,2.1270142"
"-9.631485,0.37521362,2.8927155","0.97709656,2.7728271,5.532013","2.9607544,3.146103,3.8103638"
"-11.75032,2.25,0.77986145","3.337616,1.7893829,10.888336","5.22316,0.2029419,11.773682"
"-17.597183,6.384796,1.3194427","-1.4193115,1.6158905,23.00798","8.86145,0.030654907,14.019348"
"-20.200577,0.053390503,2.7611237","-7.0819244,2.4952545,5.467407","5.4839783,-0.20982361,8.566101"
"-22.161499,-4.621002,3.548355","-6.951523,3.19635,4.0879364","5.2506866,1.2581635,5.70549"
"-17.798187,-5.151001,2.5003052","-6.4250946,3.9991455,3.1750793","5.9003296,1.0224762,6.4388885"
"-7.727997,-6.828369,1.9930267","-9.065582,4.472931,18.702103","5.425354,0.622879,7.3433685"
"-4.392395,-5.878418,-1.182251","-0.17744446,2.45578,8.712067","5.5832825,0.9710388,7.4821625"
"-5.7718506,-7.8082275,0.5716858","2.083786,1.2689362,4.0269165","5.4696198,0.66355896,9.830719"
"-15.735565,-6.391678,3.408371","2.910492,1.7259674,5.433899","5.5342255,1.0595703,13.679565"
"-23.472763,-6.1224976,7.1914215","-3.0213013,2.88768,20.100708","3.3268433,3.643814,7.509674"
"-16.384033,-1.5019531,5.5068817","-4.277542,3.05159,9.970688","-0.17025757,5.245804,4.1250305"
"-15.994003,4.310211,3.646469","-8.082123,2.76445,4.4348907","1.3946533,7.272537,1.1962128"
"-13.867981,4.983795,7.7082825","-7.264984,1.2282562,1.92482","2.198639,7.5907745,3.670395"
"-17.074356,1.0153046,11.810776","-12.414337,2.957077,20.457245","1.4293365,7.6601715,4.361923"
"-20.31305,-5.931061,11.228119","1.1685181,3.1389313,9.123627","1.4054108,8.197357,3.3581238"
"-15.571671,-7.461273,7.634094","1.5166779,2.028656,5.0797577","2.2333374,7.5489044,2.1066742"
"-8.449432,-6.3821106,2.9609222","1.5633392,-0.17752075,3.6596222","2.2847748,5.2027435,2.5888367"
"-6.5471344,-3.7775269,0.7894287","2.3864746,3.1484985,17.244873","3.6893616,5.130951,2.0265198"
"-5.633072,-4.3218994,1.3732758","-3.2629852,4.2252655,12.657837","4.8594513,3.0420227,11.78685"
"-9.517822,-5.442932,3.0685883","-6.3844147,2.919983,7.4211426","3.0349274,1.0691376,12.702103"
"-16.714233,-8.048706,9.671585","-7.37265,2.2404175,2.3292084","1.7978363,1.390976,9.461029"
"-15.503464,-0.23136902,12.720047","-11.570862,2.88768,7.258423","3.1366272,2.879303,7.118454"
"-9.319214,2.5000458,12.885147","-4.208145,2.7453156,18.266602","3.8568573,2.5742188,7.9236298"
"-6.409546,2.9403229,13.372086","1.401825,2.3827972,6.3527374","3.5493774,2.3205872,8.664215"
"-10.400772,-0.33544922,15.979065","3.16893,1.493866,4.144165","2.802826,2.3504944,8.530212"
"-12.112839,-2.9639587,12.967697","2.914093,6.1239777,7.28714","2.9739075,2.357666,9.035095"
"-14.071365,-4.5527954,10.409775","-2.4398499,5.0675507,19.638885","2.7944489,2.1494904,11.566711"
"-9.977249,-4.859085,4.0101776","-6.8235016,2.9343414,7.8841553","2.9499817,2.480896,11.121643"
"-6.326996,-4.830368,-0.008575439","-6.0422516,0.8107147,2.9130554","3.9932556,3.3112183,7.0047913"
"-6.849823,-4.702347,1.6197357","-5.501465,3.1736298,-0.062408447","5.249481,5.615494,4.2362976"
"-12.725403,-6.553192,1.1555328","-12.060196,2.7907715,17.414764","2.2907562,6.339325,3.2001953"
"-10.221313,-1.066452,8.884354","-2.210144,3.245407,10.218353","5.169327,1.1564789,7.173477"
"-7.972061,0.22805786,4.6873474","-1.7351685,3.5576782,12.827728","5.3894653,1.2557831,6.419739"
"-8.7664795,1.1325531,6.4843445","-4.360092,5.7949677,13.011963","5.968521,1.350296,5.130005"
"-10.131577,1.822876,8.735992","-4.4438477,3.9788055,9.341385","5.474411,0.053390503,7.500107"
"-14.091705,1.6924744,13.849457","-5.823303,1.8133087,3.1595154","6.7545624,0.3441162,8.471588"
"-14.262787,1.0906677,8.629517","-7.958893,1.9568787,1.9236298","5.7483826,-0.48020935,9.049454"
"-12.399979,-2.3681488,6.64946","-14.347733,7.213913,18.42215","5.4612427,-0.54122925,10.487549"
"-8.230484,-3.7200928,1.1603241","-1.6932983,2.791977,13.836304","5.3822784,0.79037476,9.967102"
"-6.4741516,-3.991684,0.47717285","1.450882,1.7582703,4.878769","5.4564667,3.0300598,8.947754"
"-8.484116,-5.926285,0.81455994","3.9669342,0.9040375,1.4510498","3.3830872,3.3853912,4.6275177"
"-12.171463,-4.502548,4.6765747","0.5200653,6.0868835,19.605392","3.4381104,6.1861877,-0.73480225"
"-15.723602,-3.9498138,1.8458557","-2.6982727,3.2836914,14.177277","1.135025,7.7678375,2.7108612"
"-10.796783,-1.6634674,4.0101776","-5.4739532,1.9760132,4.2398834","0.94599915,7.169632,4.206375"
"-11.628296,0.5929718,3.1834564","-7.010147,0.5128021,6.28096","2.836319,7.8767242,2.351944"
"-15.363495,3.2202911,4.9876404","-5.9764404,4.4023438,9.056641","2.9356232,5.894272,0.9342041"
"-15.091904,0.55229187,7.6484528","-2.999771,6.5989532,18.581268","2.630539,4.2420197,2.4823608"
"-16.98941,-1.5246887,3.494522","1.1098938,4.515991,3.8905334","6.041504,2.8493958,8.49791"
"-15.814529,-5.2132263,5.0366974","1.1445923,2.0298615,2.3016968","5.753174,3.5050354,10.836899"
"-7.6358643,-4.8854065,1.2560272","1.8732147,6.3213806,22.360733","5.9864655,2.9259644,8.237091"
"-6.4442444,-4.455887,1.8817596","-3.4627838,3.31839,20.362717","5.170517,1.3802032,8.908279"
"-7.70047,-5.1246796,1.4438629","-6.846237,2.04422,6.1266174","5.474411,1.8444061,7.340973"
"-12.525604,-6.0231934,3.7792664","-6.434677,1.1193848,-0.9740753","5.681381,1.905426,6.699707"
"-15.040451,-3.6411285,4.119049","-9.660202,5.619095,4.993622","5.450485,1.773819,7.649658"
"-11.548126,-1.6539001,4.3750763","-4.5993805,6.211319,17.261627","4.9994354,1.7606659,11.765305"
"-10.923599,-1.0030518,4.3415833","2.166336,4.1175995,-0.09233093","4.9180756,3.1568756,8.505081"
"-12.312637,2.0418243,4.731613","4.6955414,0.83943176,4.559326","5.178894,4.0266724,8.336395"
"-14.439865,2.8553772,5.269989","4.1810913,6.268738,17.158737","5.3356323,4.2731323,2.7048798"
"-14.655212,1.4220734,6.5752716","-5.144943,1.3275604,24.21756","0.38368225,6.5558777,-2.5617218"
"-17.899887,-3.3862915,6.7882385","-6.2025604,1.9580688,4.744766","1.0393066,7.051193,5.6420746"
"-11.020508,-4.116104,5.6827545","-8.252014,1.8611603,5.520035","2.9332275,6.9734344,5.577469"
"-7.51622,-4.430771,2.257431","-7.8081512,2.818283,1.1100769","3.9358215,7.8288574,1.5144501"
"-8.613342,-3.4712372,2.8628082","-7.0292816,5.834442,20.607986","2.1471863,5.1249695,1.9104614"
"-9.911438,-5.1079407,3.313858","0.21498108,5.8188934,9.662018","2.8925476,3.4081268,2.931015"
"-10.787216,-2.6959686,1.747757","3.933426,1.5548859,4.970886","3.9932556,0.93992615,11.661224"
"-13.955307,-1.4325562,1.2883301","1.352768,2.0131073,3.0518494","8.8459015,2.7082214,13.640091"
"-10.617325,-1.8022461,5.771286","-0.77204895,11.241028,15.645279","4.738617,0.99256897,7.5407867"
"-13.471954,0.6707306,4.230316","0.9376221,4.724167,18.429321","4.6309357,1.7893829,7.1495514"
"-14.850235,2.8733215,6.0895386","-5.5206146,1.4543762,1.0610199","4.583084,1.395752,9.203796"
"-15.815735,1.9161987,6.087143","-8.657608,2.7249756,-0.8628082","4.23851,3.0001526,9.315063"
"-12.499283,-0.78889465,6.5322113","-5.694092,5.1118164,10.175278","4.672806,3.9477081,7.751343"
"-13.5377655,-2.5966644,5.9710846","-1.769867,5.723175,21.69194","5.8010254,4.2862854,9.025528"
"-10.276352,-3.478424,4.9314117","1.9737091,3.5588684,6.580063","3.3112946,5.561661,1.9104614"
"-8.17186,-3.909134,3.843872","3.1665344,0.6503906,3.2863464","-0.103256226,6.6874847,2.022934"
"-7.790207,-3.5167084,2.6929169","2.782486,2.74411,6.7272186","0.9747009,7.848007,4.1669006"
"-9.115829,-6.232559,0.9342041","-1.6358643,3.7730255,23.37529","2.4307404,8.010712,3.0949097"
"-12.995789,-3.8983612,3.671585","-2.1862183,3.019287,7.7453613","2.3745117,7.782196,3.3353882"
"-12.568665,-1.1980591,4.6011963","-5.2574005,0.56185913,4.3415833","2.4163818,6.935135,3.7481537"
"-11.793396,-0.48260498,4.366699","-8.900467,1.3443146,-0.060028076","3.8317413,5.250595,2.7395782"
"-12.24086,1.609909,3.2624207","-13.43248,5.6800995,16.86441","5.4887695,3.4045258,4.451645"
"-15.627899,1.9724274,5.963913","-2.6779327,7.810913,13.622147","4.7697296,1.822876,7.2357025"
"-0.64164734,4.234848,6.839691","-6.2181244,2.8493958,8.80658","5.7519836,1.026062,6.3611145"
"-4.494095,2.8218842,2.7312012","-5.707245,2.5802002,7.4965057","4.9707184,0.42666626,6.50589"
"-5.743149,-0.85827637,-3.811966","-6.2731476,3.31839,6.925827","5.516281,0.8274689,7.0311127"
"-10.571854,-3.436554,-0.18086243","-5.2239075,4.5243683,8.902298","5.869217,0.34172058,7.2524414"
"-19.181244,-6.5627747,6.1338043","-1.0579987,4.624878,6.560913","6.280792,0.32496643,7.3876343"
"-26.009155,-5.5422363,7.385254","2.7932434,3.7000427,9.749359","6.1790924,0.05937195,9.627319"
"-14.82869,-0.9252777,1.5970154","-1.2434387,6.219696,19.033508","5.3739166,0.047409058,11.625336"
"-10.283524,1.1277618,0.3993988","-3.9186096,4.5255737,14.200012","5.148987,1.8037415,10.205185"
"-9.009354,1.699646,0.9389801","-6.352112,1.0775146,2.8137665","3.4548645,3.348297,6.34317"
"-13.6609955,1.5082245,-1.190628","-7.450424,0.14311218,-2.3379822","2.959549,4.3604584,1.2871399"
"-18.153519,-1.7843018,-1.1140594","-13.911041,4.912018,9.678772","3.2311401,6.9985504,0.8002014"
"-16.714233,-3.642334,2.2059784","-5.4619904,7.790573,19.465408","2.306305,6.7066345,4.085541"
"-15.194794,-4.9177094,3.297104","1.5765076,2.33255,4.3726807","3.1174774,6.5020447,1.8853455"
"-8.924408,-3.3420258,1.7082825","6.662445,0.21609497,0.27856445","2.684372,5.6334534,1.9344025"
"-5.78981,-3.6160126,1.0095673","-1.5449371,15.25618,21.59143","4.0052185,4.559067,3.8295135"
"-7.1513214,-4.2608795,-0.28614807","-7.647827,5.713608,12.706879","4.9372253,3.0252686,3.7290192"
"-13.827301,-6.6477203,-0.33041382","-8.577438,1.568039,1.2907257","7.5848846,1.5177917,8.14975"
"-13.377441,-3.5454254,1.2368927","-9.016525,-1.1801147,-5.5060883","9.280197,1.280899,8.968094"
"-16.987015,-2.7450256,1.7740784","-11.618713,5.5772095,5.5966187","7.9378204,0.5546875,7.6604156"
"-11.221512,0.30821228,2.1652985","-8.711441,11.872726,19.793228","6.596649,0.5355377,5.5702972"
"-11.715637,1.4483948,-2.090332","2.6329346,4.7169952,10.585648","6.724655,1.1026306,5.6576233"
"-15.156509,2.2368317,1.9391785","4.278,4.2001495,-1.6596222","5.8620453,-0.26486206,8.496719"
"-18.123611,-0.48858643,2.2753754","3.030136,8.693863,14.892731","7.8839874,1.4627533,7.924835"
"-17.268173,-3.1589813,2.799408","-12.581833,6.0749207,20.93222","7.833725,1.7546844,11.283157"
"-14.511642,-3.8433228,3.271988","-6.3425446,1.0990448,2.7898254","6.5571594,2.6926727,4.755539"
"-9.042847,-4.555191,1.1088715","-9.440048,0.07850647,-0.63191223","3.3639374,4.4071198,1.9511414"
"-4.812332,-4.554001,1.2823486","-9.962891,4.1522827,-0.52064514","1.9091034,6.2843018,-1.8666077"
"-7.7112427,-4.923691,1.2321014","-8.792801,11.132156,21.786453","3.0648346,7.217499,2.5110626"
"-13.066376,-5.603256,1.3840485","1.891159,5.427658,5.1000977","2.8351288,7.0559845,4.2925262"
"-17.342346,-4.403244,1.2715912","2.404419,1.6194916,2.1988068","3.4393158,7.009323,1.5970154"
"-13.212341,-1.156189,1.1854401","6.5858765,5.620285,9.386841","3.7408142,5.8224792,-0.3160553"
"-12.514832,-0.31629944,1.2285156","-6.723007,3.9369354,36.552567","1.911499,2.5742188,3.3126678"
"-13.918228,1.6589661,-0.42373657","-7.2410583,2.0310516,2.2586212","8.8423,-0.33544922,18.824142"
"-16.843445,3.191574,1.3385773","-10.185425,-0.92648315,-1.7481537","7.1457977,2.2643585,8.913071"
"-17.898682,0.43623352,2.1581268","-7.6944885,-0.1404419,-5.271591","5.568924,2.4031372,5.400406"
"-19.567673,-4.2608795,4.8739777","-5.284912,4.317398,22.694534","5.5617523,2.2858887,6.235489"
"-14.893295,-4.472641,3.0578308","-0.5160217,5.4982452,13.981064","5.3128967,1.5453033,9.078171"
"-9.497482,-5.289795,2.664215","3.6450958,0.9638519,0.3347931","5.2171783,2.8230743,8.800598"
"-4.436661,-4.7466125,0.5489502","3.411789,1.370636,6.9976044","4.85347,3.120987,10.232712"
"-8.340546,-5.520691,-0.45124817","2.610199,2.818283,20.623535","6.477005,4.207321,8.470398"
"-12.420319,-4.430771,0.13140869","-3.1588898,2.8757172,8.740784","1.7200623,4.425064,2.6713867"
"-17.964493,-4.5444183,0.51904297","-4.1315765,2.8900757,7.65683","1.8361206,6.5223846,1.4582214"
"-14.107254,-0.6453247,6.022537","-12.146332,2.2691345,2.3794556","1.5920563,7.7391357,2.9034882"
"-13.902664,0.7042389,-1.6667938","-10.736969,0.76405334,12.9066925","2.289566,7.300049,4.6921234"
"-15.551331,3.3255615,1.2344971","-0.8079529,4.124771,14.564911","2.9559631,7.5453186,1.7094727"
"-18.604568,1.9281616,3.322235","3.9896698,1.9377289,6.8121643","2.7920532,6.7389374,2.8137665"
"-19.293701,-2.685196,4.103485","2.6161804,1.7965546,4.1537476","2.150772,4.8127136,4.0352936"
"-17.076752,-5.3783264,5.4614105","0.62535095,6.6073303,8.926224","3.5493774,2.727356,10.180069"
"-12.264786,-6.514908,5.273575","-7.1142273,9.764648,14.473984","5.376297,3.4655457,10.4049835"
"-8.712631,-4.6520996,4.888336","-7.8177185,4.8569794,2.9034882","6.316681,2.1303558,8.689331"
"-2.5295868,4.3676453,6.559723","-7.326004,2.604126,9.074585","3.4787903,0.8477936,8.221542"
"-7.528183,4.3556824,5.4530487","-2.6061554,3.4117126,5.463806","3.5780945,0.76524353,8.430908"
"-9.344345,1.8862915,6.9437714","-2.2627869,10.255188,13.537201","3.0839844,0.91360474,8.04686"
"-6.0051575,-2.1061401,6.2055817","-15.155319,17.605942,10.505493","3.6809845,0.8645477,8.010971"
"-7.1561127,-6.477829,5.5966187","-6.9874115,5.677719,8.968094","4.2564545,0.92437744,8.152145"
"-14.880142,-6.346222,2.2107697","-7.293701,-0.71232605,0.64108276","4.4000244,0.70661926,8.426132"
"-23.160507,-1.8883972,9.462219","-9.739151,1.5034332,-2.0341034","4.593857,0.38000488,8.846069"
"-20.225708,5.205124,-1.9228363","-12.151123,7.4998474,22.720856","4.6835785,0.3991394,10.623932"
"-16.695099,3.5373383,1.1196442","2.0419006,3.9453125,9.729019","4.529251,0.46376038,11.886139"
"-19.010147,-1.8776245,3.7218323","2.8793945,0.4063263,3.8259277","4.6704254,2.66156,9.094925"
"-15.789413,-3.951004,2.463211","3.5110931,0.190979,8.852051","3.2646332,4.909622,3.5411835"
"-11.373459,-5.089981,2.6510468","2.7860718,2.0214844,16.997223","4.2313385,5.1668396,-0.22273254"
"-6.8438416,-5.014618,1.65802","-2.2209167,0.9961548,9.720642","2.782486,7.2521973,2.1617126"
"-9.131378,-6.0196075,-0.27656555","-4.343338,1.0404205,4.267395","1.8385162,7.3024445,5.084549"
"-10.74295,-4.276428,0.62312317","-6.6918945,1.6757202,5.9627075","2.3254547,7.477112,4.1214447"
"-13.90387,-5.085205,1.5575256","-8.5941925,2.5694427,21.299515","2.713089,6.9626617,2.4285126"
"-17.168869,-1.1346588,1.0526428","-1.5868073,4.3161926,13.12085","2.7298431,6.140732,2.6905365"
"-15.728394,0.95188904,4.2614136","2.2393188,4.226471,3.7230377","4.2564545,4.904831,3.3198395"
"-15.764282,2.8039398,0.20318604","2.7681274,0.20413208,1.8470612","3.276596,3.581604,5.667206"
"-16.817123,2.5526886,5.6456604","0.1408081,3.0372314,23.82753","5.3380127,1.8994446,10.611969"
"-16.236862,-1.3739319,3.4897308","-3.0966797,3.2848969,9.389236","6.588272,0.86335754,9.907288"
"-16.349335,-3.753601,2.5601196","-6.6931,2.870926,7.090927","5.9314423,0.077316284,8.454834"
"-10.7764435,-5.2180023,1.756134","-9.016525,2.6005402,3.4059906","6.5703278,0.95069885,6.441284"
"-6.553116,-5.373535,0.88394165","-8.670761,1.3969574,12.272583","5.647888,0.95188904,7.1591187"
"-8.15152,-6.2385406,-0.277771","-3.9210052,1.822876,17.916061","5.137024,1.0846863,8.871185"
"-11.198776,-4.7944794,2.8831482","2.3087006,2.5024414,5.6947174","5.322464,1.8300476,9.946762"
"-15.478348,-3.9354553,-1.7170563","4.4371185,2.5825958,4.390625","4.4825897,2.4940643,9.388046"
"-11.756302,-2.3490143,3.8701935","4.969528,3.1484985,9.654846","0.63253784,5.883499,4.286545"
"-13.523407,-0.17393494,1.36969","-0.3377533,2.3349457,25.26561","1.2187805,6.285492,6.5740814"
"-17.444046,3.7371368,-0.5314026","-6.501663,3.0372314,16.940979","3.6773987,6.5953674,2.0552368"
"-16.175858,0.71499634,5.636093","-10.430679,2.3588715,0.59321594","3.6570587,6.713806,3.0075836"
"-15.864792,-0.42279053,1.9654999","-5.266968,1.9664459,-1.4837494","2.6066132,6.705429,4.5856476"
"-17.231094,-3.8457184,3.6596222","-9.931778,4.36644,29.194626","3.037323,6.3572693,2.4225311"
"-12.839066,-3.930664,1.32901","-1.1154327,5.184799,5.3286133","4.130844,5.5030365,-0.48355103"
"-7.054413,-5.015808,1.7908325","2.1555634,2.7177887,6.4293213","5.979294,3.4081268,4.103485"
"-7.979233,-5.343628,0.73799133","6.1264496,0.869339,7.86261","7.6829834,2.464157,8.726425"
"-10.445038,-8.814423,0.027313232","0.44110107,3.1664429,19.734604","6.5356293,0.56544495,9.347366"
"-12.964676,-5.527878,0.19841003","-6.9575043,3.4141083,7.2680054","7.212799,0.5594635,9.365311"
"-14.591797,-4.1950684,1.156723","-5.7874146,2.6352386,3.4550323","6.2293396,0.65397644,7.135193"
"-13.55571,-1.4194031,2.7132568","-9.087112,1.3634491,3.067398","6.0678253,0.90522766,6.334793"
"-16.7238,2.55867,-3.4099731","-13.726791,-0.5938721,18.264221","5.956558,0.7604675,7.69751"
"-15.673355,2.5131989,1.9320068","-1.1967773,1.1971588,13.57428","6.900528,1.5632477,12.070389"
"-19.056808,0.25558472,3.4933167","0.28677368,2.51799,9.950348","2.3493805,1.9102173,8.801804"
"-19.079544,-4.406845,3.342575","2.0167847,1.5835876,2.9094696","2.5025177,2.8194885,7.016754"
"-16.836273,-5.279022,3.757721","2.8518677,1.5620575,2.3794556","3.6439056,4.577011,5.035492"
"-12.018326,-5.1366425,2.5050812","0.15635681,1.3825989,24.828918","1.3312378,6.6037292,2.758728"
"-9.522614,-2.8012543,3.691925","-4.3325806,2.8517914,10.939789","0.01159668,7.6482086,2.9609222"
"-5.776642,1.3024445,6.9940186","-6.0302887,2.0418243,6.4305115","2.7609406,7.5991516,4.8943176"
"-4.2021637,4.325775,4.7734833","-7.622711,2.31221,4.6299133","2.650879,6.4039307,6.01297"
"-3.7606964,3.5803986,2.5517426","-10.135178,2.6089172,11.082153","2.0765991,7.289276,4.964905"
"-8.722214,5.455185,10.729218","-1.0412445,4.3197937,7.752548","4.431137,-0.3366394,7.464203"
"-4.7632904,3.9776154,7.5659027","-0.7612915,2.4868774,9.201401","4.1116943,-0.64772034,7.722641"
"-5.1150208,3.8962555,5.167099","-1.6394501,4.469345,15.193024","4.5017242,-0.5579834,7.857834"
"-3.4579926,4.008713,4.7830505","-4.811142,3.4619598,12.8085785","4.5902557,-0.7003479,8.050446"
"-3.2270966,-1.4170074,-2.2315063","-6.55072,3.1042328,8.78624","4.5890656,-0.73983765,8.219147"
"-12.086517,-4.5659637,-1.9742737","-8.204163,1.5512848,4.266205","4.8570557,-0.49577332,8.209579"
"-21.07515,-2.9950714,5.085739","-7.544937,1.6840973,13.166306","4.965927,-0.359375,9.431107"
"-22.943954,2.2942657,4.2781677","-7.18602,5.4695435,18.042877","4.5926514,0.6731262,9.271988"
"-11.3806305,4.9598694,3.1020966","1.0393066,2.111206,5.7928314","3.3615417,0.93992615,10.9062805"
"-13.071167,6.5020447,-1.313858","3.054062,2.9869843,0.3730774","3.3902588,2.5407257,9.941986"
"-15.956909,0.77841187,5.2149506","1.1374207,4.5375366,18.322845","2.5025177,4.410721,3.757721"
"-17.508652,-3.9545898,3.0446625","-8.423111,4.513611,20.117462","3.1282501,6.084488,1.912857"
"-12.202576,-2.8969727,0.950943","-6.8641815,1.1229706,7.6604156","2.218979,7.0523834,2.0731812"
"-10.285919,-3.3898926,-0.99920654","-6.114029,-0.41082764,-2.5306091","1.9701233,6.4481964,5.088135"
"-5.337555,-3.0812073,1.5527344","-8.565475,4.670334,11.798813","2.4833832,7.3814087,4.6885376"
"-7.1022644,-3.5334625,-1.6333008","-3.821701,4.9395294,16.667007","2.4558563,7.349106,4.6382904"
"-11.95491,-2.5464172,1.7046814","3.3184814,2.5550842,2.771881","2.667633,7.3766174,4.3320007"
"-20.369278,-1.5127258,4.993622","1.464035,2.521576,0.12063599","2.3134918,6.8669434,5.3668976"
"-14.457809,-2.0798187,3.2001953","-1.3415527,7.1181946,21.514862","2.8099976,6.1479034,4.2985077"
"-10.046631,-0.13804626,3.4897308","-2.7904053,1.90065,11.266403","4.7206726,6.0485992,2.4907227"
"-9.185226,-0.17393494,-0.3926239","-6.419113,1.4436188,3.654831","3.9525757,4.1965637,7.222534"
"-11.925003,-1.2973633,0.53100586","-6.54953,1.4496002,1.4821472","4.7087097,4.136734,7.726227"
"-12.449036,-6.3210907,2.495514","-12.798386,2.710617,21.054245","5.1812897,2.4306488,8.228714"
"-9.804962,-5.7204895,4.458832","-2.2771454,4.087677,13.483353","5.482788,0.91241455,8.127029"
"-10.5503235,-5.932266,-1.2001953","1.4125977,1.9389343,6.8169556","6.058258,-0.008834839,7.957138"
"-7.3786316,-1.7855072,0.054840088","1.3252563,1.8288574,3.913269","5.9111023,0.15866089,7.4534454"
"-9.885117,-0.39167786,-0.4153595","0.654068,6.3812103,15.544769","5.53183,0.1574707,7.2165527"
"-13.14653,0.3608551,0.621933","-3.2677765,1.5345459,19.209381","5.5390167,0.23284912,7.1327972"
"-18.397583,-2.364563,2.7108612","-6.738556,2.5239716,5.9591217","5.207611,0.3560791,7.007187"
"-13.98642,-2.319107,3.6392822","-6.7517242,1.1193848,2.401001","5.5665283,0.53793335,7.439087"
"-12.28273,-2.109726,2.4572296","-8.066574,4.604538,5.492523","5.803421,0.66833496,8.491928"
"-7.759094,-1.0796204,1.074173","-3.7415466,6.943512,17.959137","5.268631,1.2629547,9.350952"
"-5.579239,-2.4411316,1.5204315","-0.26358032,4.3365326,5.88974","3.428543,2.4210815,10.503098"
"-8.740158,-3.7751312,1.3062744","2.8554688,0.9375305,3.0374908","1.1182709,4.465744,6.7595215"
"-14.059402,-3.9521942,2.6749725","3.3531647,4.329361,9.884552","2.5707245,5.1488953,6.5214386"
"-17.487122,-2.82518,1.1495514","-2.6719513,4.782791,22.571304","3.6630402,6.2184906,3.5746765"
"-12.847443,1.301239,1.9224396","-3.4292908,3.2131042,7.12204","3.1509705,6.898056,2.667801"
"-10.848236,0.3070221,0.1577301","-6.4203186,0.41470337,5.5391846","2.8865662,6.902832,4.4994965"
"-12.870163,1.7307587,-0.91067505","-6.478943,2.1076202,2.7240295","2.775299,7.296463,4.458832"
"-16.750122,2.4653473,1.0562286","-7.136963,3.3542786,14.556534","3.008606,6.4721375,4.0723877"
"-15.771469,0.85617065,0.21635437","-1.59758,5.1237793,16.232712","3.2742157,5.760269,3.5507507"
"-17.061203,-2.9185028,3.0326996","1.0596466,2.768036,5.4315033","3.9489899,5.4013367,4.2686005"
"-12.720612,-2.5535889,1.2117615","2.0538635,1.2438202,2.537384","3.2419128,2.4725342,6.5130615"
"-5.4907074,-4.9966736,1.4043884","-0.014724731,4.379608,20.423737","4.60701,1.5357361,8.1689"
"-6.7517242,-4.9188995,1.1351929","-1.5592957,4.103241,18.807388","7.032135,-0.14761353,10.180069"
"-11.594788,-5.664261,-0.20478821","-6.4741516,2.7883759,4.0173492","5.926651,-0.7841034,8.785049"
"-12.2109375,-3.3898926,-0.0899353","-8.790405,0.5582733,2.586441","5.528244,-0.3976593,7.84227"
"-15.988022,-2.5607758,-0.06600952","-8.984222,2.8027344,6.222336","5.5210724,0.06295776,6.54776"
"-13.4348755,1.7570801,2.1210327","-5.4703674,5.135742,19.356537","6.0068054,0.10722351,6.4089813"
"-14.2939,5.049591,1.776474","0.3777008,3.753891,8.853241","5.824951,0.13594055,6.8289185"
"-2.485321,3.964447,12.659027","-6.6584015,3.9608612,7.0538483","3.572113,1.7678375,8.718048"
"-2.1060486,2.9343414,6.974884","-9.972458,3.0300598,6.7559357","3.3519745,1.8659515,8.405792"
"-5.5110474,4.0852966,1.3361969","-10.675949,4.8749237,12.059631","2.8470917,1.5524902,8.526627"
"-5.658203,2.5718231,2.6749725","-4.285919,5.6334534,11.722244","3.1282501,1.822876,8.411774"
"-9.205551,-2.3262787,8.740784","0.19703674,3.795761,4.2925262","3.6893616,2.2823029,8.040878"
"-12.544739,-6.481415,9.98027","1.8026276,2.0502014,6.0033875","4.0506744,2.0621643,8.130615"
"-16.196198,-5.377121,7.8207397","-1.9433441,5.7913666,16.183655","3.3435974,1.2892761,10.611969"
"-10.649628,-4.644928,5.7736816","-8.838257,3.4571686,7.3314056","3.4728088,1.8348389,12.015366"
"-12.957504,-1.5988617,-1.0721893","-5.702469,0.2292633,3.7768707","2.6484833,3.1150055,11.055832"
"-14.793991,0.7233734,-0.28016663","-9.972458,2.4414215,-0.036087036","2.5790863,4.0147095,8.314865"
"-15.469971,3.5720367,-0.60079956","-13.286514,4.1522827,14.487152","4.7769012,4.7134094,4.192032"
"-19.507858,-0.7960663,2.6019897","-4.5299835,6.749695,11.269989","1.2534637,6.1802063,-0.48236084"
"-20.840652,-5.0660553,4.4624176","1.9509735,3.1640472,5.0953217","0.39564514,7.8994446,2.7348022"
"-16.473755,-6.847519,5.116852","7.537018,0.6061249,4.9517517","0.28677368,8.180603,4.294922"
"-8.688705,-5.323288,4.2207336","-0.8510132,8.80513,13.575485","1.6757965,8.27153,2.9238281"
"-5.3901978,-5.4190063,0.8492584","-11.500275,6.5463104,14.856842","1.882782,7.3849945,1.7046814"
"-7.671753,-7.915909,1.6628113","-7.6119385,1.9556732,3.0147552","0.38128662,5.171631,3.7589264"
"-12.531586,-5.9131165,1.6472626","-9.530975,0.8466034,1.6891327","3.378296,5.455185,4.839279"
"-17.247833,-4.8279724,0.5441742","-9.487915,4.6475983,12.639893","3.9633484,3.7144012,8.211975"
"-16.430695,-1.2830048,1.4785614","-4.8877106,9.097061,15.735001","4.52565,3.211914,10.934998"
"-16.16867,2.7130127,1.4366913","0.92445374,3.2597656,2.8089752","2.466629,0.80114746,11.697113"
"-16.10765,3.7479095,1.2141571","2.8303375,0.8501892,2.787445","3.3986359,1.8647461,8.56012"
"-17.5625,1.6493988,3.293518","1.1421967,6.4481964,12.705688","4.5603485,2.751297,7.8207397"
"-17.322021,-3.0082397,2.9788666","-3.5776367,3.60672,16.826126","3.7910614,2.4127045,8.27298"
"-16.57785,-4.543228,3.1750793","-8.283127,3.491867,4.0723877","3.4680328,2.29187,9.904892"
"-11.450027,-4.8650665,0.8863373","-8.675552,2.0944672,2.9944153","5.20282,3.75029,14.1689"
"-5.8651733,-5.5841064,1.2356873","-10.336166,5.060364,13.220139","2.3529663,4.330551,7.8027954"
"-7.6705627,-5.9633636,0.3683014","-6.3545074,8.923584,12.718857","1.936615,5.364258,2.9393768"
"-9.819321,-8.327484,0.99760437","2.5384216,3.0133057,6.564514","1.9138947,6.835846,1.5479584"
"-16.16867,-6.325882,1.7872314","0.7689209,1.7618561,2.1282196","0.6911621,7.7307587,3.1834564"
"-14.135971,-3.0237885,2.146164","0.71029663,6.717392,21.020752","0.54519653,7.748703,4.546158"
"-13.438461,-1.3380432,2.9788666","-8.135971,8.504837,16.57608","0.34779358,7.5513,4.311661"
"-15.495087,2.7118073,-0.44885254","-5.5325775,5.006531,0.53100586","2.108902,7.4496,0.21395874"
"-16.86139,3.1102142,1.4426727","-6.9383545,4.3807983,5.631302","4.1164856,6.1275635,1.0945129"
"-17.540955,-0.012420654,1.8865356","-3.7893982,0.074920654,5.9375916","1.1948395,1.3586731,8.963318"
"-19.322418,-4.702347,5.454239","-4.802765,5.4324493,11.303497","4.6428986,2.88768,5.327423"
"-14.094101,-5.3627625,2.5565338","-0.64523315,6.8920746,7.63649","8.068222,1.3155975,17.183853"
"-8.340546,-4.892578,2.9692993","7.825363,0.6444092,5.74736","3.0038147,1.0870819,6.929413"
"-3.973648,-6.3533936,1.570694","2.9954376,3.5851898,8.387848","3.7431946,2.6807098,7.4139557"
"-10.072952,-6.926483,-0.12582397","-2.8382568,3.0073242,28.909882","4.269623,2.7213745,7.6807556"
"-13.00177,-4.4056396,0.15054321","-4.210541,2.5526886,1.530014","3.7180786,2.1973572,6.9306183"
"-17.801773,-4.8554993,0.84565735","-6.246826,1.5345459,4.1860504","4.8032227,3.7167969,8.105484"
"-14.669571,-2.0140076,3.490921","-7.2254944,2.82547,5.595413","3.6726074,2.3265686,17.281967"
"-12.739761,-0.81759644,1.8231354","-6.4861145,3.4129028,19.821945","4.522064,4.864151,6.4221344"
"-17.530197,4.7624664,0.42692566","-1.631073,4.021881,10.138184","2.7585602,3.4356384,3.7074738"
"-15.349136,1.5608673,4.255432","1.5525665,1.6912689,3.773285","3.2179718,6.528366,-0.73957825"
"-16.84584,-0.8140106,1.7680969","2.0789948,1.252182,3.992218","1.4173737,7.338333,1.6424713"
"-19.218323,-4.723892,3.519638","0.27001953,4.749298,17.064209","1.759552,8.295456,4.0640106"
"-15.044052,-4.5982666,1.6771698","-2.9483337,4.974228,16.096313","2.1220703,7.5369415,3.288742"
"-7.6932983,-6.2098236,3.0602264","-5.210739,0.49725342,7.5611267","2.7645416,6.988983,2.5361938"
"-1.651413,4.11998,6.6027985","-2.1180115,3.368637,6.078766","3.7743073,1.4005432,8.17009"
"-2.119217,3.984787,2.3507538","-5.68692,2.9833984,5.532013","3.3316345,1.0523834,8.208374"
"-5.8735504,2.6807098,-6.992035","-0.46098328,7.3479004,7.345764","3.4094086,1.0775146,8.307678"
"-9.166077,-3.0405426,-2.879959","-8.719818,6.384796,10.787842","3.7324371,1.6206818,8.001404"
"-14.158707,-10.485809,11.102493","-8.180237,1.8910675,4.546158","3.95018,1.7845917,8.052841"
"-24.703873,-6.384506,7.4139557","-10.808746,1.7905731,6.42334","4.2636414,1.5859833,8.43689"
"-17.31842,-0.3701477,0.36231995","-9.50705,5.4910736,14.075577","4.7661285,1.4220734,11.317856"
"-11.1497345,0.4900818,-2.5521393","-0.76368713,3.9130096,11.660019","4.328247,2.3277588,13.324234"
"-12.5842285,2.4725342,-1.1918182","3.8090057,2.9223785,3.334198","4.102127,4.0781097,7.3517456"
"-16.88173,0.8848877,-1.4023895","1.3539734,3.0085144,6.024933","3.028946,5.2781067,2.04805"
"-19.546143,-3.7356567,2.4021912","-0.9120331,3.0827026,25.26561","3.2251587,6.8250732,-0.8556366"
"-19.376251,-6.9408417,5.293915","-5.5242004,3.3447113,3.0374908","-0.51960754,8.141129,1.5850525"
"-11.822113,-5.927475,6.0069885","-6.9754486,2.8015442,2.3292084","0.20780945,8.199753,3.231308"
"-7.786621,-4.7382507,2.0301056","-7.059204,1.2342377,5.618149","2.6772003,7.596756,-0.42611694"
"-5.182022,-4.509735,0.80737305","-11.962097,4.941925,17.019943","4.3749084,7.3933716,1.1220398"
"-10.765686,-6.141632,1.3254242","-2.2615814,5.834442,12.7344055","-3.1792297,2.5347443,9.457428"
"-12.684723,-4.678421,3.3389893","4.0710144,1.1732178,9.413162","1.8923492,2.1195831,7.229721"
"-18.123611,-5.4441223,0.21037292","4.1870728,0.61450195,1.2273254","5.158554,1.5788116,15.423935"
"-13.378647,-1.7831116,3.745758","3.0803833,4.7469025,16.796219","3.4955444,2.550293,5.922043"
"-14.0271,-0.811615,0.65304565","-2.1885986,1.198349,10.856033","3.7479858,3.1353455,6.255829"
"-15.437668,1.8791046,-0.41415405","-8.082123,1.4460144,3.9766693","3.7539673,2.4653473,7.735794"
"-17.329193,0.29864502,2.441681","-8.844238,1.6434174,-1.280365","4.233734,3.1508942,8.823334"
"-14.859802,-2.7198944,2.4033966","-7.882324,3.6474,16.231506","3.9095001,2.2978516,13.017944"
"-16.930786,-4.020401,2.0959167","-3.3383636,8.689087,8.910675","3.9944458,2.8888855,13.136398"
"-12.833084,-4.863861,2.8053894","4.1858673,2.069336,9.647659","2.3649292,4.661957,3.7110748"
"-6.6332703,-5.6762238,2.5050812","1.2690277,2.715393,2.812561","1.6219635,6.531952,1.0035858"
"-8.059402,-6.000458,0.59321594","-0.6356659,6.7305603,16.565308","0.5416107,7.925766,1.0131531"
"-8.851425,-6.3330536,4.0269165","-2.3752441,1.9963531,13.167511","1.7200623,9.109024,3.7888336"
"-14.924408,-6.0207977,0.016555786","-3.800171,1.0140991,5.6624146","0.4781952,7.934143,4.243469"
"-12.870163,-3.0417328,1.1734772","-6.031479,1.0918732,0.6638031","2.272812,7.8539886,0.63031006"
"-15.26059,-1.189682,1.4654083","-9.909042,2.3744202,21.126038","1.3252563,6.274719,-1.4981079"
"-16.630493,3.1150055,1.3720856","-6.20018,6.141922,10.095123","1.065628,3.3841858,2.7946167"
"-16.958298,2.4749146,0.97846985","1.1912537,1.6338501,11.042679","10.444305,2.0848846,9.689529"
"-16.860199,0.042617798,1.4008026","6.7462006,2.6101227,8.588837","6.0845795,-1.1741333,14.058823"
"-18.791214,-4.5827026,3.864212","4.9336243,4.822281,9.738586","5.1896667,1.1409149,8.348358"
"-14.128784,-4.6915894,1.6137543","-6.483719,2.6232758,20.27179","4.985077,1.5919647,7.2033997"
"-8.832275,-5.811432,0.8983002","-5.119812,2.2057343,10.900299","4.748184,1.885086,6.11705"
"-6.451416,-4.6221924,0.7655029","-9.253418,2.468933,6.139786","5.145401,2.1961517,7.3625183"
"-10.64006,-6.839142,-0.758728","-5.7048645,1.0344391,1.7680969","4.800827,1.748703,12.826523"
"-12.7122345,-5.659485,1.403183","-10.3780365,6.890869,18.503494","4.7733154,3.21669,11.41954"
"-15.438858,-4.8124237,0.720047","-6.11882,10.213303,9.136795","1.7224579,4.9203796,3.0650024"
"-15.355118,-2.7952728,2.3339996","3.0636444,3.1808014,5.253235","2.5587616,5.639435,0.6351013"
"-18.012344,1.8491974,-1.0937195","4.5483856,0.23643494,1.7369843","2.5850677,8.028656,0.12661743"
"-15.011749,2.8039398,2.4524384","3.60083,9.245407,15.7469635","0.61457825,7.6326447,4.320038"
"-18.417923,1.2785034,3.7505493","-4.7477264,5.270935,26.982468","1.1445923,8.367249,4.2075806"
"-18.087723,-4.3960724,4.497116","-5.371063,2.2260742,5.0534363","1.6757965,8.093262,2.6450653"
"-17.311249,-5.1904907,2.7467651","-12.988617,-1.1382446,-0.97528076","2.7406158,7.186386,0.6243286"
"-13.629883,-5.2885895,1.4331055","-10.133972,0.57621765,-2.9517517","1.9557648,5.2350464,2.791031"
"-12.825897,-4.612625,4.5533447","-10.008347,9.412903,18.674591","3.2072144,4.5530853,5.7856445"
"-3.673355,-6.3821106,-4.5214386","-1.3977814,6.3620605,12.349152","3.2395172,1.9736176,10.998413"
"-2.7796326,5.7076263,4.2925262","-0.59498596,2.5825958,9.361725","4.0662384,2.1710358,8.061218"
"-4.010742,6.767639,5.126419","-2.843048,3.4547882,10.032898","3.9071045,2.4928741,7.9427795"
"-4.4976807,7.5536804,9.415558","-5.201172,4.638031,9.208572","3.160553,2.7584686,7.1088715"
"-6.038666,5.8440094,9.694321","-6.049423,2.5550842,3.4322968","3.407013,2.3098145,7.2979126"
"-5.3267975,1.979599,2.319641","-10.690308,1.946106,9.313858","5.1358185,2.3792114,8.579269"
"-5.599579,-3.6889954,-0.3938141","-11.808945,7.3885803,12.099106","4.922867,2.3385315,7.582657"
"-12.537567,-2.6265717,-8.072388","-0.9024658,4.207321,9.452652","4.331833,2.234436,7.148361"
"-12.787613,-5.7240906,3.5387878","2.4438934,0.2914734,4.5198364","4.473007,1.8587646,8.246658"
"-19.467178,-8.389694,3.2133636","3.0803833,0.77960205,6.173279","5.359558,1.6745148,13.023941"
"-17.93457,-0.5268707,3.6560364","-3.9341736,6.872925,31.540787","3.6474915,2.9881744,11.033112"
"-14.058197,-0.44432068,1.2512512","-3.1983795,3.75029,6.046463","2.314682,4.4956665,7.4965057"
"-8.606155,1.041626,-2.061615","-5.7706604,0.5702362,2.6438751","2.979889,6.4194946,3.2037964"
"-11.344742,1.7798004,-0.6378937","-4.9786377,0.15148926,0.99401855","2.7226563,6.3991547,0.21395874"
"-15.278549,0.8657532,-0.21794128","-16.241653,4.839035,24.44368","1.1768951,7.5584717,2.0133667"
"-20.077347,-3.655487,2.3698883","-2.8071442,6.9076233,9.130814","1.430542,8.098053,3.7445679"
"-18.798386,-4.2106323,2.853241","4.267227,3.2358398,7.9355927","1.6088104,7.748703,3.8785706"
"-15.471161,-5.335251,4.184845","4.809204,1.144516,5.051056","1.8875732,7.0368347,2.5302124"
"-5.2358704,-4.831558,0.11225891","-0.70625305,4.362854,22.303299","1.4927521,5.767441,1.5467529"
"-3.0045624,-4.7454224,-0.7252197","-6.319809,2.2117157,10.312866","4.1918488,5.090271,6.4388885"
"-7.815323,-4.948807,-1.0016022","-7.704056,1.5189819,4.107086","3.1497803,3.3124084,5.043869"
"-14.926804,-7.7759247,1.2512512","-7.9481354,0.3453064,0.046463013","5.4588623,1.7451172,5.1120605"
"-19.609558,-4.973938,-3.408783","-11.217926,2.2081146,20.3723","8.473816,-1.8812103,16.527023"
"-18.114044,-2.0905914,4.8644104","-0.27912903,4.320984,11.900497","6.185074,0.20532227,9.493332"
"-10.372055,0.06175232,0.6135559","4.616577,1.527359,7.3912354","5.0915527,0.48768616,6.5633087"
"-12.888107,4.736145,-0.64027405","1.224762,1.7068176,2.721634","5.0819855,0.7197876,7.3349915"
"-15.517822,4.4011383,3.273178","0.7306366,4.481308,18.682968","5.4815826,0.4984436,7.7489624"
"-20.655212,1.1050262,4.800995","-4.7309875,2.5969543,10.182465","5.3775024,0.4434204,10.793823"
"-19.029297,-4.920105,4.8608246","-7.688507,2.0657501,8.342377","5.524658,2.028656,11.153946"
"-13.141754,-6.1847076,2.5816498","-8.225693,2.2069244,-0.42971802","3.9465942,3.97641,8.481155"
"-7.9565125,-4.2237854,0.015350342","-12.913239,-0.06506348,15.303101","3.0480804,5.760269,3.945572"
"-5.5541077,-5.5757294,-1.403595","-5.537369,2.838623,13.291931","2.7585602,5.324768,0.57647705"
"-7.4384613,-6.9205017,-0.83769226","3.1007233,1.8252716,6.132599","2.893753,7.472336,1.3361969"
"-12.233673,-5.273041,4.579666","5.9661407,2.5239716,2.3351898","1.9282379,7.556076,2.841278"
"-20.31305,-4.5408325,-2.4671936","1.1721191,9.451202,14.853241","3.3448029,7.0679474,0.38624573"
"-14.679138,-0.8415375,4.7100677","-8.235275,4.518387,25.410385","1.533432,4.645218,2.9680939"
"-13.202774,1.5489044,-0.87716675","-7.327194,2.6974487,-1.4669952","4.110504,5.138138,3.9575348"
"-16.551529,5.7530823,0.46759033","-6.79599,-1.2016449,3.0721893","5.116684,2.8685455,7.1172485"
"-17.294495,1.77742,0.63150024","-8.640854,0.9734192,-6.0001984","7.779892,0.5810089,15.3688965"
"-19.457611,-0.33784485,2.7467651","-13.531784,9.887878,29.290344","5.923065,1.5955658,8.728821"
"-20.187424,-5.422592,4.1752777","0.5296478,5.8799133,8.753937","5.067627,1.4424133,6.9641113"
"-13.876343,-5.6295624,2.993225","3.7551727,1.7427216,3.8390808","5.5928497,1.8815002,6.367096"
"-5.8651733,-5.281418,0.31565857","-0.35809326,2.090866,4.8847504","5.26503,1.5465088,7.744171"
"-4.281128,-5.4166107,-0.27297974","-3.9234009,5.6143036,19.604202","5.8285522,2.3421173,8.021744"
"-10.040649,-6.7912903,0.0021972656","-5.509842,1.8109131,9.681168","6.477005,2.6029358,10.74118"
"-14.040253,-5.2060394,-0.08274841","-8.674347,2.143509,3.9826508","3.7336273,3.347107,6.682953"
"-18.438263,-5.0947723,3.678772","-4.7345734,0.7042389,-2.4420776","4.4742126,6.693466,5.3214417"
"-16.314636,-0.9252777,1.1495514","-12.894089,5.4791107,28.579681","5.4385223,6.018692,5.4973145"
"-14.4171295,2.0334473,-0.09112549","-3.020111,5.159668,9.286346","0.152771,6.747299,-1.1463623"
"-15.834869,4.9730225,1.7154541","1.3240509,2.695053,5.3908234","-0.045837402,7.259369,3.4406738"
"-17.3591,0.6886749,3.880951","3.037323,2.9833984,2.7192383","1.6423035,8.145905,5.8873444"
"-2.7497253,4.9933624,5.1826477","-5.0839233,4.4190826,7.7992096","4.2014313,4.8653564,7.0430756"
"-3.0883026,5.997162,6.01416","-6.7158203,2.6567688,7.0","5.6754,5.291275,4.9637146"
"-3.1074524,6.447006,6.7188416","-7.759094,2.0944672,8.306488","4.036316,5.7530823,5.3130646"
"-2.9196167,6.364456,7.9750824","-10.301468,1.871933,12.255844","2.6197662,5.2517853,6.3276215"
"-3.2234955,4.842621,12.687744","-3.5118408,2.3959503,10.639481","3.0516815,5.1656494,8.92981"
"-1.70047,1.128952,-0.7802582","1.9043121,5.181198,4.592819","4.9085083,5.464752,11.3358"
"-8.904068,-1.3607788,-2.2374878","1.455658,2.2320557,5.199402","6.3190765,5.7710266,10.084351"
"-12.912048,-3.905548,-1.5758667","-2.736557,4.322174,23.082169","2.1543732,4.7313538,1.7058868"
"-16.94754,-4.3936768,0.37428284","-5.172455,1.4053345,9.147568","1.307312,4.707428,-6.505081"
"-19.701675,-6.384506,5.484146","-7.4635773,-0.031555176,3.2408752","2.597046,6.7808075,-8.354736"
"-14.321411,0.31181335,2.3328094","-8.132385,0.2460022,-1.4801636","3.7826843,7.7140045,-1.2923279"
"-14.198181,2.037033,2.791031","-6.9862213,4.4047394,18.620743","4.385681,8.423477,-2.694519"
"-11.292099,2.715393,-1.1786652","-0.6536102,4.6858826,12.966507","3.6474915,6.668335,-5.801605"
"-11.036072,0.76286316,-2.974472","1.188858,1.5524902,4.4863434","3.2395172,5.591568,-2.259018"
"-15.247437,-0.7422333,1.0969086","2.9236603,2.0095215,1.9858398","4.8343353,4.9849854,1.357727"
"-21.815735,-2.997467,4.085541","0.25805664,6.310608,17.152756","4.9958496,4.157074,10.298508"
"-17.033676,-3.8840027,2.17128","-4.2057495,1.9508972,12.01297","4.5603485,3.9488983,9.947968"
"-13.458801,-4.2525024,0.90667725","-6.0865173,0.5331421,3.6309052","4.7445984,4.6930695,8.14975"
"-4.692688,-3.1266785,-0.34954834","-9.721207,0.35128784,0.7822571","4.4897614,4.769638,6.268997"
"-4.326599,-3.498764,-1.2935181","-4.9786377,2.5897827,11.010376","4.40242,4.0697327,6.5250244"
"-8.474548,-4.0646667,0.66978455","-2.1646729,7.7355347,15.008774","4.15477,3.5086212,7.4426727"
"-16.98941,-6.494568,-1.4299164","3.8915558,3.2789154,5.1611176","4.348587,3.9165955,7.4426727"
"-18.484924,-3.1422272,3.0757751","1.3862762,2.5311584,-4.0859375","4.4084015,3.765854,7.9798584"
"-15.670959,0.79875183,-0.7335968","2.1926575,6.158676,16.731613","5.1322327,4.104431,11.039093"
"-9.489105,0.14071655,-0.92622375","1.0668335,2.776413,13.202194","4.685974,3.7897797,8.524231"
"-12.064987,3.0157013,-3.1970062","-7.0316772,0.9423218,5.9507446","4.19664,3.7359314,2.557724"
"-16.479736,2.1590729,0.11465454","-8.8741455,0.9650421,1.5862427","5.351181,5.964859,-5.4546356"
"-18.459808,-1.0377502,-1.2755737","-9.187607,1.4783173,18.149368","5.7986298,6.0940704,-5.8027954"
"-19.845245,-4.7298737,2.8580322","-2.7018738,4.5794067,15.740982","4.656067,6.893265,-1.5076752"
"-14.578644,-4.2106323,1.1962128","5.556961,2.2930603,4.1178436","5.0903625,7.3634644,-1.3365936"
"-6.912033,-5.0014496,1.2763672","1.6865692,0.9255676,1.9475555","4.8797913,7.029663,-3.5487518"
"-3.6015625,-5.060074,-0.63549805","-3.356308,4.482498,18.508286","4.3103027,5.908615,-2.247055"
"-10.166275,-5.355591,-0.85084534","-4.346939,0.9112091,9.888138","5.754364,5.957672,-0.7946167"
"-12.958694,-3.306137,-1.8163452","-8.3190155,2.8350372,5.528412","5.1322327,3.8866882,3.0123596"
"-18.513641,-3.6375427,-3.881363","-11.299286,1.4567719,4.497116","5.4277496,1.2940674,11.331009"
"-16.665176,0.6049347,-1.2899323","-10.994186,0.019882202,3.642868","6.041504,1.9233704,11.765305"
"-13.1106415,1.8192902,-4.7355957","-7.2530212,4.831848,15.679962","5.1406097,3.2107086,7.878174"
"-14.673157,4.7098236,-4.394623","1.8791962,4.515991,7.6352997","4.7936554,3.2741241,6.4353027"
"-17.865189,3.7682343,-0.8975067","4.7075043,1.2557831,1.6687927","4.7122955,3.039627,6.52742"
"-16.119614,-0.3701477,-2.4157562","4.5998383,5.213501,10.549759","5.3248596,3.1520844,6.5585327"
"-20.1288,-4.386505,0.49032593","-3.5692596,0.14550781,19.683167","6.102524,3.09346,8.071991"
"-15.386215,-2.6792145,-2.1094666","-6.020706,1.1744232,0.19720459","5.074814,3.0252686,9.706284"
"-4.4474335,-5.9609833,3.1547394","-7.9828186,-0.51013184,6.91626","4.8020325,3.8292542,7.723831"
"-6.6823273,-4.6114197,-2.378662","-7.5987854,4.1702423,10.621536","6.451874,3.6521912,6.3694916"
"-12.390411,-5.980118,0.41375732","-1.2446442,1.0188904,26.142578","5.137024,4.6715393,0.49153137"
"-13.41333,-3.3492126,-5.981064","-1.1824188,4.1020355,10.840485","1.7810822,7.1217804,-8.600006"
"-15.5477295,-2.6457214,4.871582","2.524063,2.793167,2.795807","3.173706,6.692276,-3.5499573"
"-14.476944,-0.77453613,-1.9371948","3.5673218,2.0071259,5.2101746","5.0365295,8.20813,-0.5696869"
"-15.4244995,2.4701385,-0.91186523","-1.1728516,5.574829,26.09114","4.6584625,7.603943,0.19841003"
"-15.4197235,3.7945557,-3.1324005","-2.826294,2.5455017,19.3051","4.4048157,7.83844,-1.8139648"
"-2.4171143,6.1191864,4.960129","-11.095886,5.017288,8.044464","2.6831818,3.3925629,7.751343"
"-6.9922028,2.8003387,1.7740784","-6.0578003,5.6059265,12.381454","2.9093018,3.0635529,8.095917"
"-9.460388,-3.2881927,8.920242","-3.3515167,3.0001526,4.189636","2.8183746,2.9666443,8.427322"
"-15.114639,-8.953201,7.1327972","3.6080017,0.8430176,1.8674011","2.8147888,3.0204773,8.160522"
"-14.7126465,-5.915512,21.526825","3.275406,4.370041,8.380661","2.6425018,2.8087158,8.679764"
"-21.36589,2.7465057,7.12323","-5.013336,4.4071198,28.771103","2.3254547,2.735733,9.059021"
"-20.174255,8.406723,2.2957153","-7.634674,1.8587646,2.022934","2.3900604,3.1449127,8.195221"
"-18.583038,3.1640472,2.5744781","-7.2637787,-0.85350037,1.9571228","2.1639404,2.879303,8.529022"
"-22.215332,-3.4676514,4.156128","-5.1712646,-0.37373352,4.0101776","3.0409088,3.7167969,8.209579"
"-16.836273,-5.3208923,3.5495453","-9.746338,6.749695,22.304504","3.6714172,4.3353424,7.057434"
"-11.176056,-5.5972595,2.043274","-1.7483215,4.739731,9.863022","2.8518677,3.4224854,7.3553314"
"-7.774658,-5.319702,1.4893341","1.5812836,2.3540802,1.3601227","3.6175842,4.2958527,6.2570343"
"-6.5770416,-8.7211,1.8327026","3.4716187,0.10243225,11.462616","4.493347,2.8553772,10.937393"
"-13.2267,-5.3591766,0.6482544","-3.882721,4.371231,21.171494","5.6407166,3.6318512,10.381058"
"-16.399582,-6.0447235,-1.3162537","-4.5132294,0.37283325,7.5886383","4.8020325,2.739334,9.069794"
"-19.456406,-1.2315674,3.6691895","-8.248428,0.0079193115,3.8390808","6.3394165,4.5698395,0.35154724"
"-16.86618,2.275116,-0.9298096","-5.460785,-1.9159088,-3.4362946","5.8094025,3.8711395,-1.4227295"
"-15.306061,4.945511,0.26301575","-14.229294,7.563263,29.426727","4.64888,6.3536835,-5.600601"
"-18.459808,2.9128113,4.6681976","-1.2984772,7.0368347,12.477173","4.657257,6.031845,-0.35792542"
"-18.377243,-2.6612701,5.4291077","5.8548737,0.41947937,4.805786","5.4265594,7.4137115,-1.4562378"
"-16.966675,-3.6662598,2.2717896","2.2967377,0.013900757,-2.081955","5.4516754,7.1301575,-0.07078552"
"-13.133377,-5.269455,1.3924255","-9.813339,11.506638,31.707092","5.371521,7.1002502,-0.4320984"
"-7.1118317,-5.5841064,-0.4201355","-3.6003723,3.2298584,7.788437","5.4899597,6.9662476,-0.32443237"
"-7.47435,-7.2291718,-1.0087738","-8.510437,-0.19546509,0.55493164","5.437317,7.222275,-0.6199341"
"-10.815933,-5.4572906,1.9607239","-7.0986786,-2.1551971,-4.063217","4.9671326,7.14093,-0.66659546"
"-17.856812,-5.697769,0.9114685","-18.472961,4.5818024,20.342377","5.4803925,7.1588745,-1.2205353"
"-16.28592,-2.92807,1.9798584","-4.880539,5.464752,14.337601","5.2052155,6.7317505,-1.8139648"
"-17.258606,1.3514862,-0.931015","3.2119904,0.69226074,7.9272156","4.6105957,6.9817963,-4.5094757"
"-16.125595,4.4346466,0.44487","0.16473389,3.77063,2.6426697","2.7394104,6.0246735,-0.82572937"
"-18.027893,2.5538788,2.9333954","-7.6203156,6.614502,23.695923","3.76474,5.017288,5.8873444"
"-18.501678,-2.6505127,2.5110626","-8.053421,3.388977,0.07157898","3.8018188,4.7839966,6.85643"
"-18.824707,-5.2969666,3.6560364","-8.743744,0.6958618,3.2181396","3.5780945,5.328369,8.883148"
"-14.996185,-5.036148,1.5515442","-9.667374,-0.8905792,-4.027313","0.13124084,3.5026398,11.631317"
"-7.43248,-6.212219,1.9511414","-16.57425,6.803543,8.062424","1.9461975,3.7646484,9.568695"
"-5.0276947,-5.758789,-0.03489685","-13.002975,11.359467,18.24028","4.3916626,3.9094238,7.9068756"
"-10.071762,-7.4086304,-1.5639038","2.5001373,5.4659424,7.3553314","2.8064117,3.3590698,7.715454"
"-15.149338,-6.379715,-1.4215393","6.583481,2.8506012,4.8763733","2.823166,3.569641,8.4153595"
"-16.525208,-5.155792,2.2023926","0.13722229,11.708817,18.625534","3.1904602,3.4440155,7.82193"
"-17.554123,-1.3500061,0.37068176","-8.795197,4.0900726,21.639297","2.7776947,3.294464,8.380661"
"-17.261002,3.4763184,-1.9479523","-7.675354,0.33813477,0.8923187","2.802826,3.4404297,8.054047"
"-15.809753,4.6894836,1.9523468","-7.6849213,-0.9073334,-3.1144562","2.6951447,3.2836914,8.29332"
"-19.379837,2.1040344,4.370285","-10.94873,3.9297638,3.1427765","2.8829803,3.5660553,8.1689"
"-22.363693,-5.233551,2.615158","-16.269165,12.184998,20.342377","2.6448975,3.4452057,8.234695"
"-16.604172,-7.5486145,4.206375","0.23413086,5.838028,5.68515","2.9356232,3.5803986,8.8424835"
"-10.869766,-5.7767334,3.6979065","4.596237,3.0563812,3.671585","2.4857788,3.7622528,9.847458"
"-8.034271,-2.1779175,4.4133606","-2.7868195,5.335541,10.001801","3.7802887,3.8029327,13.0837555"
"-6.73378,1.6027374,7.0143585","-15.296494,11.614304,22.16571","2.5192719,4.0075226,10.43251"
"-4.5670776,5.6250763,7.447464","-7.095093,4.3640594,4.036499","1.3300323,4.227661,4.1381836"
"-3.0153198,5.073532,4.5317993","-8.78801,-0.61421204,2.1042938","4.4897614,5.7830048,-1.5651093"
"-5.193985,2.0789032,3.1499481","-5.5253906,0.0031280518,-6.208374","5.1645355,6.3835907,-1.0709839"
"-5.481125,5.8021393,5.968689","-4.338562,5.3175964,6.58844","3.6403046,2.4737244,7.8925323"
"-4.5419464,4.737335,7.4905243","-8.670761,3.5504913,5.266403","3.633133,2.45578,8.0863495"
"-1.6741486,2.8326416,7.299103","-8.338165,5.4240723,5.423126","3.6355286,2.4043274,8.04567"
"-0.4741516,3.1652527,8.762314","-7.506653,5.7770233,12.71286","3.8616486,2.3181915,8.125824"
"1.0189667,4.6272583,7.551544","-2.7868195,4.531555,6.1421814","4.500534,1.6565704,12.266602"
"2.330246,-2.7462158,1.5264282","0.34658813,2.1483002,4.456436","5.540207,2.9666443,12.009384"
"2.876999,-5.9633636,1.727417","-0.58781433,5.8607635,18.836105","2.0873718,5.0926666,4.8249207"
"6.711502,-8.735458,8.068405","-7.1884155,3.0073242,20.736008","3.4452972,5.3092194,3.0578308"
"11.860855,-6.0746307,9.030319","-7.548523,0.22328186,2.537384","4.840317,6.569046,0.091918945"
"13.558563,-2.2245789,5.2592316","-4.6005707,0.77841187,-3.9998016","5.077194,6.7975616,-0.9549408"
"17.744797,-0.95518494,4.0520477","-10.775253,2.690277,2.3088684","5.0604553,7.502243,-0.07078552"
"11.818985,-2.421997,5.258026","-12.751724,6.8717346,16.40738","3.9382172,7.8360443,2.819748"
"9.265839,-5.3376465,3.0326996","-0.98262024,4.310211,7.479767","4.1822815,8.02507,1.4103699"
"9.379501,-5.6714478,1.78125","0.3130951,3.232254,5.7976074","3.855667,7.8252716,1.7333984"
"7.1457977,-6.518509,2.6510468","-0.9275818,3.2705383,6.654236","3.9968414,7.6362457,1.6927185"
"3.6355286,-7.4062347,1.2093658","-15.515427,8.479706,18.972488","4.0088043,7.71521,2.2394867"
"2.6604462,-6.4850006,-2.036499","-6.2157288,1.1624603,6.4592285","4.760147,8.039429,1.1663055"
"6.930435,-6.355789,-0.050445557","-7.2661743,0.39794922,2.1473541","4.392853,7.4866943,0.48194885"
"8.193848,-5.7396393,0.18644714","-5.251419,2.9726257,-6.533798","4.593857,7.63385,0.930603"
"8.563538,-5.803055,0.92941284","-13.621521,6.590576,23.133606","4.373703,6.673126,1.9140625"
"15.611603,-2.3454285,1.53479","-2.4099426,7.051193,7.4319","2.9930573,7.0236816,-0.6654053"
"14.534836,-2.1192932,2.8843536","2.1926575,2.2799072,4.1704865","3.6032257,5.7830048,3.2289124"
"16.388077,-1.0784149,-0.709671","-0.5937958,2.467743,9.094925","5.3775024,5.6884766,5.779663"
"11.615585,-7.966156,1.2991028","-10.5993805,5.0711365,24.123047","4.1380157,5.5843964,5.41835"
"8.011993,-7.3440247,0.2079773","-7.483917,2.9475098,9.121246","1.0716095,4.7839966,7.110077"
"5.421768,-7.1693573,0.38504028","-9.077545,0.55229187,-2.1262207","1.3432007,5.303238,9.71347"
"3.0397186,-6.9240875,-0.1892395","-6.299469,0.3225708,1.0717773","-2.4123383,2.02388,7.9463654"
"3.4716187,-8.193481,-1.0219421","-12.594986,9.960861,16.299713","3.2957458,5.069931,9.080566"
"7.1206665,-6.6608734,-0.4883423","-2.3692627,6.2579803,11.536789","0.66244507,3.9321442,6.5010986"
"9.244293,-6.5878906,-0.13061523","2.0502777,1.5776062,7.4462585","2.7166748,3.9345398,9.127228"
"9.567337,-5.2096252,0.16610718","3.9932556,0.4864807,3.5950165","1.4795837,3.6713257,8.861618"
"12.945999,-3.13266,-2.156128","-3.1995697,10.267151,18.132614","1.3994293,3.828064,8.136597"
"13.246292,-2.035553,-1.6691895","-5.9070587,5.1453094,9.104492","1.7128906,3.5313568,8.992035"
"15.984879,-4.0180054,-2.0233307","-6.09848,0.24002075,3.6416779","1.5836792,3.6055298,8.596008"
"11.144196,-6.8630676,2.4404755","-10.997787,0.15986633,-3.9004974","1.4233551,3.6701355,8.506287"
"11.090363,-7.850113,-0.4572296","-16.149536,3.6486053,13.602997","1.5776978,3.738327,8.414154"
"8.0000305,-7.903946,1.0191498","-5.6318817,6.521179,16.341583","1.5250549,3.487091,8.884354"
"4.6512756,-7.4241943,0.76071167","-0.8378601,4.354477,3.7876434","1.327652,3.6402283,8.548157"
"3.054062,-5.389084,-0.24546814","2.4223633,1.4352417,2.5194397","1.3790894,3.4368286,9.549561"
"5.401428,-4.4008484,0.7846527","0.61338806,5.5329437,21.556747","2.260849,4.133148,8.940582"
"5.5880737,-6.4216003,1.0119629","-5.160492,-1.3356476,21.361725","2.218979,3.696457,12.016556"
"6.5320435,-4.9153137,-0.51704407","-5.3435364,0.5977478,3.3988037","0.31907654,3.6940613,12.617157"
"9.3471985,-6.6680603,-1.5507507","-11.452423,0.33094788,1.1698914","2.7358246,3.429657,6.9030914"
"14.029953,-5.159378,2.1306152","-10.430679,2.8553772,14.5182495","3.6570587,4.3114166,2.4572296"
"16.245697,-3.2702484,0.8396759","-3.7870178,7.3634644,20.391434","4.8845825,6.1347504,-0.9513397"
"13.927048,-1.8776245,-0.40577698","4.85347,2.4055328,10.399002","4.417984,7.289276,-1.0159607"
"13.983292,-8.490189,0.11465454","3.7300415,0.3560791,3.3318024","4.808014,7.2832947,1.0346985"
"10.70871,-8.401657,0.86839294","5.220764,4.1833954,2.220337","4.3749084,7.814499,2.1006927"
"4.8056183,-7.8046417,1.9511414","-7.0161285,2.7500916,33.78885","4.043503,7.934143,1.7034912"
"2.8004303,-5.7647705,-0.47636414","-5.999176,2.1554718,5.2831573","4.2552643,7.706833,1.9858398"
"-0.10446167,5.6561737,7.604187","-1.6370544,4.880905,8.323227","3.0767975,2.919983,8.039688"
"1.0955505,6.3812103,6.0943146","-4.461792,4.678711,6.124237","2.9152832,3.0372314,8.123428"
"-0.751709,1.625473,6.0392914","-8.66597,2.8816986,6.535797","2.597046,2.899643,8.414154"
"7.5059204,-2.1934814,2.5266266","-9.450821,3.5421143,9.705093","2.6604462,2.8816986,8.100708"
"9.343597,-5.733658,-0.012161255","-5.9848175,4.888077,15.330612","2.7681274,2.813507,8.493118"
"14.366135,-10.045532,0.41375732","0.4315338,3.8268585,5.710266","3.0241547,2.7572784,8.540985"
"16.275604,-11.027771,-1.7828522","1.2941437,3.7359314,2.6665955","2.6377106,2.8410187,8.334"
"11.682587,-8.916107,-0.06959534","-0.4968872,5.8846893,14.745575","3.0026245,2.813507,8.450058"
"8.929642,-5.063675,-0.66659546","-14.135971,6.4446106,18.264221","1.6889648,2.254776,11.91008"
"7.4197693,-3.1075287,-2.604782","-8.627686,1.6769104,-1.9635162","4.5639343,4.6440125,8.68335"
"6.2951508,-3.436554,-4.2366943","-8.320221,1.1875763,1.4175415","2.8997345,4.8174896,8.775482"
"10.373718,-4.5492096,-2.4528503","-15.892303,0.7927704,1.5970154","2.343399,4.806732,6.8336945"
"12.506912,-8.662476,-1.9371948","-11.099472,5.5760193,17.901703","3.1437988,5.0998535,4.1872406"
"14.482193,-6.9073334,-1.3988037","-0.42749023,5.335541,3.987442","5.506714,5.621475,0.3993988"
"8.611404,-10.077835,2.1042938","3.4943542,2.4509888,4.000595","4.385681,6.8836975,-3.3358002"
"5.4732056,-5.0457153,0.077560425","-6.1403503,7.747513,17.960327","4.93602,6.918396,-1.7110748"
"2.1352234,-5.0540924,-0.22871399","-10.770462,4.115204,15.385651","4.327057,7.4352417,0.552536"
"0.31188965,-6.8582916,0.30607605","-7.5329742,-0.012420654,0.5573273","4.394043,7.44841,1.3266144"
"3.3471832,-11.210831,0.2570343","-6.0625916,-1.2124176,-2.7878418","4.5448,7.925766,0.7391815"
"12.031937,-14.359787,2.886734","-16.21054,6.565445,6.65065","4.6883698,7.904236,0.50587463"
"16.33902,-8.264069,0.020141602","-6.87973,6.609726,15.689545","4.6512756,7.7164,0.6135559"
"8.961945,-5.3591766,-0.44885254","-0.55670166,3.2394257,3.2947235","4.537613,7.6888885,0.9688873"
"6.3142853,-4.8124237,-4.8097687","3.4309387,2.246399,8.141373","4.723068,7.3766174,0.6781616"
"14.124466,-2.7318573,-4.0943146","2.8183746,7.978409,18.436493","4.9144897,6.3740234,-1.3318024"
"14.233337,-7.8118286,-0.73838806","-7.1178284,5.677719,21.74936","5.30571,6.4326477,-2.2015991"
"13.082382,-13.81781,2.9812622","-9.191208,3.5588684,1.8434753","4.0758057,5.1668396,4.3343964"
"5.692154,-11.283813,3.411972","-10.074158,1.5058289,-2.0305176","4.036316,5.730362,5.9340057"
"3.7707214,-7.6921844,1.8626099","-8.947128,1.5034332,-3.709076","1.0907593,4.728958,8.9166565"
"0.31188965,-7.4744415,2.4069824","-10.882935,8.345718,17.04866","-0.8246918,4.465744,9.154739"
"0.057052612,-10.052704,3.7062836","-6.6009674,7.8946686,8.5924225","1.828949,4.350891,9.248062"
"6.4829865,-9.400665,0.020141602","1.788269,3.068344,6.551346","6.321472,4.3688354,13.459427"
"8.027557,-12.490982,2.9298096","1.414978,2.015503,4.9517517","0.14678955,3.642624,5.533203"
"12.250885,-7.7783203,3.3784637","-7.8835297,7.3802032,22.559326","2.8004303,3.3985443,10.102295"
"13.032135,-5.290985,-1.678772","-6.61055,2.8362427,9.724228","1.7511749,4.206131,7.1950226"
"10.993454,-3.8588867,-1.8522491","-6.378433,-0.3749237,2.5900269","1.4831848,3.787384,8.135391"
"14.3936615,-7.4158173,0.10748291","-8.383621,1.424469,-1.1200409","1.842102,3.6378326,8.946564"
"12.045105,-9.610031,3.6679993","-12.3293915,5.5353394,15.629715","1.7380219,3.6569824,8.523041"
"9.37471,-11.058884,1.9236298","-4.116028,4.8450165,17.224533","1.7691193,3.6617584,9.551941"
"5.298538,-7.677826,0.9365845","2.9523773,2.76326,1.6233368","2.9834747,3.692871,11.717453"
"3.4165802,-6.280411,1.9966125","1.4963379,1.3861847,4.830902","2.8793945,5.804535,9.8367"
"-0.11882019,-8.337051,2.0181427","-5.662979,4.1522827,22.077179","1.4161835,7.0440216,5.5702972"
"2.1340332,-10.155594,-1.0638123","-3.1541138,1.7307587,10.92543","1.9713135,5.885895,3.4059906"
"7.6183777,-12.006439,1.0478516","-5.651016,-0.09138489,3.897705","3.941803,5.1165924,3.3772736"
"11.917084,-11.404648,1.9750824","-8.445831,0.46495056,-1.2743835","4.6393127,7.217499,-0.40577698"
"15.286179,-5.6295624,-8.101105","-10.579041,6.6539917,9.750549","4.5687256,7.6242676,-0.15454102"
"8.264435,-5.089981,-2.0520477","-4.9786377,6.5666504,10.020935","3.8078003,7.5871887,0.40179443"
"15.00383,-5.3208923,-5.1986084","-1.3582916,2.9606628,5.5272217","4.1164856,7.559662,2.1210327"
"14.96434,-6.860672,-1.5471649","1.5298462,2.8027344,4.3631134","4.0088043,7.7534943,1.4929199"
"13.602829,-12.666855,1.0729828","0.43751526,8.47612,12.988037","4.11409,8.077713,1.2344971"
"14.454666,-10.695175,1.5718842","-7.035263,3.487091,23.713867","4.1248627,8.076523,1.7322083"
"0.5739136,6.2017365,3.0016022","-6.434677,1.4424133,2.3746796","3.1330261,2.9546814,7.6065826"
"2.3589478,5.291275,4.6107635","-12.063782,4.2444153,12.46521","3.1234589,2.7692413,8.164108"
"3.3507843,-0.28878784,-8.787842","-5.416519,3.9249725,11.619354","3.152176,2.7728271,8.1892395"
"5.4098053,-8.142029,3.4753723","0.8179779,0.98179626,4.891922","3.2789917,2.7907715,8.172485"
"6.584671,-13.951813,1.0873413","0.21737671,3.684494,5.08934","3.2215729,2.7859802,8.247864"
"16.865448,-14.556,2.8149567","-8.158691,2.057373,3.8187408","3.4094086,2.870926,7.9128723"
"24.116898,-1.1334534,-1.9754791","-6.6500244,0.15267944,-4.0811615","2.905716,2.7656555,8.515854"
"10.038712,-1.7412262,-7.1224365","-17.375854,4.186981,16.285355","2.3697205,2.8864899,8.221542"
"15.819778,-3.0525055,2.414154","-6.696686,6.0091248,11.576279","2.4283447,2.8362427,8.615158"
"13.284576,-9.218811,0.45204163","0.756958,2.9965515,6.7966156","2.9523773,2.7345428,8.670197"
"11.643112,-8.938843,-0.47636414","2.556366,1.979599,1.707077","3.4871674,2.6472015,9.008774"
"5.3906555,-8.879028,0.3886261","-3.8683624,6.6527863,17.604996","1.813385,2.5311584,10.154938"
"1.7356262,-6.9037476,-0.7826538","-3.850418,1.7403259,16.939789","1.5932465,4.0314484,8.241882"
"4.5675354,-9.886398,1.1148529","-7.3116455,1.075119,4.3966064","2.171112,3.848404,9.592621"
"8.53244,-7.57135,-0.2562256","-8.548721,0.918396,-2.2578278","1.793045,3.7024384,9.170288"
"9.349579,-7.990097,-0.7216339","-15.540558,5.2266693,17.512863","1.4532776,3.018097,9.778076"
"9.975311,-5.7731323,1.197403","-3.0488281,7.603943,10.360718","2.9535675,4.6607666,6.436493"
"13.976105,-4.044327,-0.8317108","0.81677246,2.9558716,4.181259","4.2301483,5.579605,3.2217407"
"14.604218,-0.9372406,-2.2865448","3.6283417,1.5237732,8.027725","4.3007355,6.5140076,0.65663147"
"17.163345,-3.409027,-2.2279205","-1.7842255,10.749298,12.612366","4.4538727,7.7104187,-2.674179"
"14.540817,-8.786896,0.8360901","-9.834869,5.8404236,16.456436","5.0281525,6.972229,1.8913269"
"7.931839,-9.409027,-0.35673523","-8.292694,1.8791046,1.8087769","4.270813,8.198547,0.98324585"
"5.1430054,-7.5198975,-0.038482666","-10.248825,1.0344391,0.3336029","4.2062073,7.6398315,0.6291199"
"2.3087006,-8.094177,0.27737427","-15.682922,2.3469086,6.7894287","4.11528,6.860962,-1.1391907"
"3.2048187,-9.041733,0.6398773","-8.875351,7.474716,15.770889","3.8784027,5.6143036,-1.0111694"
"6.3394165,-7.2399445,2.8843536","0.9974365,5.085495,3.7337952","5.2423096,4.289871,4.492325"
"7.9916534,-7.994873,1.3613129","4.54599,2.53714,9.207382","2.3661346,3.088684,12.36351"
"9.381882,-6.263672,0.40777588","1.2032166,3.4332428,12.271393","0.8383179,4.1594696,12.035706"
"10.7816925,-5.856888,-2.4504547","-5.941742,3.022873,21.185852","1.1110992,4.0446167,9.305481"
"12.881393,-3.8086243,-3.052246","-6.6009674,2.0789032,5.101303","1.1912537,3.1927643,10.409775"
"14.205826,-7.119095,-0.85084534","-6.0266876,1.1229706,0.048858643","0.96513367,3.1317444,8.905884"
"12.144394,-9.119507,1.9702911","-8.60376,2.5885773,2.832901","1.8851776,3.5134125,8.598404"
"9.769531,-9.19368,2.4069824","-12.42749,4.3437195,15.744568","1.9737091,3.1508942,8.959732"
"5.1394196,-7.790283,3.0889282","-5.994385,4.9730225,12.554947","1.5011292,3.0587769,8.788635"
"3.7455902,-7.6012573,1.3325958","1.2343292,3.466751,2.6869354","1.5860748,3.1126099,8.64267"
"1.7691193,-8.314316,3.892929","5.4098053,1.7463074,5.590637","1.4257507,2.9917755,8.7982025"
"5.2470856,-7.4624786,0.3718872","-8.098877,12.169449,25.24887","1.3994293,3.1042328,8.731216"
"5.6239624,-10.668854,-5.41037","-6.7002716,2.8685455,13.352951","1.8373108,3.0575714,8.753937"
"10.370117,-8.326279,2.9465637","-6.932373,-1.4038391,2.5182495","1.6470947,3.149704,8.700104"
"12.730637,-6.293579,-4.495117","-11.509842,0.8322449,-5.7250214","1.5920563,3.1245728,8.708481"
"9.581696,-5.191681,-4.87677","-10.632874,2.9965515,9.338989","1.3755035,2.9319458,9.212173"
"12.779694,-6.6118164,-4.001007","-8.575043,6.621689,12.379074","2.068222,2.8206787,10.763916"
"14.480988,-6.8463135,-2.2721863","-2.147934,3.5469055,7.5814514","-0.56985474,1.6087189,15.082962"
"12.538025,-10.759781,1.0155487","2.3589478,2.5814056,9.154739","2.4642334,6.199356,7.7214355"
"11.332031,-8.86467,2.1892395","0.41358948,4.946701,11.248459","1.9091034,5.3008423,2.9082794"
"9.542206,-8.320297,3.1786652","-4.3170166,3.4224854,17.943573","4.62854,6.671936,-1.6667938"
"5.2865753,-3.5406342,3.0207367","-8.025894,2.37323,8.468002","4.6345215,6.2579803,-2.4779663"
"1.3635406,1.9102173,5.470993","-6.65361,-1.4780273,3.5854492","4.768524,7.1923676,-2.2614136"
"2.3075104,3.8555756,6.498703","-5.9644775,0.38000488,-4.5704956","4.3378143,7.9485016,-0.062408447"
"0.21139526,3.9034424,6.181656","-10.074158,3.7622528,18.9366","3.86763,7.75708,0.498703"
"1.3503723,4.752884,6.6805573","-2.1634827,2.9714355,5.7078857","3.0720215,2.2523956,8.482361"
"5.043701,2.6807098,-3.9004974","-5.0109406,2.604126,4.427719","3.180893,2.0322418,8.712067"
"3.386673,-6.6154175,-0.22631836","-4.4067535,4.585388,8.155731","3.6175842,2.4198914,7.9188538"
"11.871628,-7.1920776,11.736603","-4.5838165,3.7323456,9.443069","2.9715118,2.8482056,8.514664"
"18.080994,-5.8999634,3.8498535","-10.040649,1.5249634,7.364914","0.07022095,3.0049286,8.121048"
"18.447098,4.1211853,16.047272","-9.631485,0.49246216,4.6586304","3.2383118,4.5459137,7.806381"
"11.811798,-0.91929626,9.116455","-12.781631,6.3824005,10.323639","4.46463,4.3891754,5.5750732"
"1.7009277,-5.581711,12.07637","-2.5319824,6.314209,4.5976105","4.2528687,4.2862854,8.320847"
"1.7679291,-4.982315,3.6883392","1.8456879,4.271927,6.0644073","3.0409088,4.547104,8.861618"
"3.3148804,-1.0640717,4.497116","-2.588211,4.3473053,9.600998","6.444702,4.5734253,13.057434"
"1.8803864,-0.457489,3.6967163","-6.524399,4.8127136,21.724243","5.137024,4.8904724,9.853439"
"1.9270477,-3.8792267,2.3698883","-7.8332825,3.5875854,3.589035","4.2600555,3.5803986,5.9088745"
"6.552368,-10.120895,-2.1896362","-8.0905,-1.1502075,1.6843414","3.160553,4.584198,-1.7553406"
"10.11409,-9.538239,-0.07797241","-10.659195,-0.6800232,-2.3762665","4.4371185,6.0007477,-4.851654"
"7.9868774,-9.161377,-0.5684967","-12.811539,9.494263,24.848068","4.8845825,7.3479004,-0.82333374"
"4.95636,-4.6879883,-0.8053894","-2.0546112,5.5640564,13.330215","4.471817,8.532349,0.76908875"
"8.168732,-4.6233826,-1.5615234","2.8698273,4.5423126,5.597809","3.8401184,8.561066,-0.07318115"
"12.969925,-3.2630615,-5.7010956","1.6446991,3.7622528,7.3266296","3.941803,7.83844,0.42453003"
"16.849884,-7.4457245,0.85284424","-12.790009,9.948898,18.716461","4.3461914,7.8982544,0.28215027"
"12.549988,-10.7131195,2.1772614","-7.1920013,2.7189941,0.44487","4.327057,7.1385345,-1.6524506"
"8.363739,-10.333862,2.9609222","-5.560089,-1.2088318,1.6687927","2.5850677,6.4685364,-0.61157227"
"3.551773,-7.114319,1.583847","-7.9935913,1.4854889,-1.5854492","5.34639,6.2017365,2.4703827"
"1.0417023,-6.8535004,0.45324707","-19.568878,5.3833923,24.599213","4.819977,4.654785,7.45105"
"3.0349274,-7.4158173,0.5489502","-2.5559082,6.942322,4.0472565","2.5862732,4.1917725,8.837692"
"8.380493,-6.7518005,3.5902252","1.9557648,2.9140015,12.148163","0.12763977,4.785187,9.459824"
"13.487976,-5.825775,2.8484497","1.7152863,2.9032288,2.0671997","2.7394104,0.9961548,13.842285"
"7.3300476,-3.429367,4.1824493","-10.305069,12.715012,17.821548","2.9523773,3.1808014,7.9391785"
"9.0767975,-3.2546997,-0.028915405","-6.421509,3.725174,6.318054","2.1615448,3.0073242,8.278961"
"12.24968,-1.7280731,0.101501465","-7.6813354,0.9853821,3.5710907","2.2752075,2.8218842,9.024338"
"15.978897,-2.4614716,2.9178467","-7.3283844,0.84062195,-2.4540405","2.0012207,2.9439087,8.505081"
"14.2417145,-4.2285767,2.4656067","-18.496887,2.793167,1.8039856","2.0442963,2.8900757,8.619949"
"12.654068,-9.653107,1.1962128","-11.597183,8.118393,12.388641","2.0694275,2.8362427,8.751556"
"6.0558624,-7.73526,2.1868439","0.04269409,4.2001495,9.458633","2.068222,2.7776184,8.779068"
"1.2020264,-7.377533,0.601593","4.1571655,0.9602661,3.506485","2.1077118,2.6089172,9.845062"
"-0.7313843,-7.6347504,0.14576721","0.109695435,5.081894,17.874191","0.10850525,1.3108063,13.191437"
"3.0121918,-11.466858,-0.08514404","-5.456009,2.5072174,21.255249","3.6690216,6.734146,7.415161"
"11.658661,-10.991882,0.8109741","-5.506256,1.5058289,4.797409","6.8359222,5.5604706,6.5250244"
"11.315292,-6.700363,3.423935","-6.705063,-0.462265,3.8881378","4.106903,5.664551,2.795807"
"9.88916,-4.820801,0.65423584","-5.682129,2.8470001,-2.2889404","1.3551636,5.7578735,0.53100586"
"10.942001,-3.1015472,-0.3280182","-5.813736,2.4533844,21.757736","4.0793915,7.441223,-3.8514404"
"13.927048,-3.6255798,-0.07318115","-2.6396484,5.176422,9.157135","4.377304,7.5369415,-0.08514404"
"15.527847,-5.2060394,0.69970703","1.7774963,0.6312561,7.6783752","4.270813,8.092072,1.177063"
"14.082596,-13.146622,1.9714813","3.4776,1.5381317,2.9788666","3.9489899,7.706833,0.29292297"
"6.1432037,-10.009628,3.224121","-3.3886108,9.935745,23.364517","4.512497,7.379013,-0.5876312"
"3.535019,-8.191086,2.763504","-5.9561005,4.880905,16.973282","3.6450958,7.083496,-2.3044891"
"-0.41671753,-6.3438263,0.50349426","-7.5676727,2.2392273,-0.33041382","4.1894684,5.464752,2.3698883"
"1.4436951,-7.957779,-1.1391907","-7.811737,-1.8907776,2.8544312","6.198242,6.815506,2.5230255"
"7.434128,-7.1382446,3.5567322","-11.260986,2.1566772,-4.9246216","2.1208649,5.4240723,3.2181396"
"8.299133,-10.979919,2.907074","-12.738556,9.929764,18.324036","1.0871735,2.5849915,12.504684"
"11.074814,-5.823395,2.2394867","-4.017914,7.747513,8.718048","4.9599457,5.0340424,12.654236"
"-0.024291992,3.4739227,4.6095734","-7.16568,4.390381,7.317047","2.8614502,2.2894745,8.244278"
"2.2512817,5.3175964,6.5094757","-8.981827,2.4832916,4.0053864","3.2622375,2.4450073,8.040878"
"2.9332275,4.3520966,8.543381","-10.6532135,5.443222,10.811768","1.4365234,2.8493958,7.989441"
"5.0113983,3.5911713,7.2703857","-5.662979,4.979004,8.387848","2.9021301,2.3050232,9.177475"
"2.4845734,-3.2223969,-1.465805","0.67082214,4.0805054,3.6392822","2.9212646,2.587387,8.073181"
"3.0767975,-8.838348,-0.4811554","0.07859802,1.2617645,11.022339","2.6688232,2.4234772,8.629517"
"17.357162,-7.0485077,4.583252","-7.300873,3.692871,21.458633","2.9033203,2.3827972,8.619949"
"19.161346,-5.755188,3.8199463","-8.650421,2.5491028,5.821533","2.7968445,2.4031372,8.706085"
"20.685577,1.6577759,-5.4462585","-6.183426,0.033050537,0.61476135","2.8626404,2.5598602,8.2921295"
"16.23613,0.22328186,-5.397217","-5.1006775,-0.73983765,-7.9599304","3.2849731,2.6220856,8.238281"
"13.036926,-5.903549,1.0502472","-24.645248,5.8643494,16.138199","3.2538757,2.1686401,9.945572"
"10.287567,-7.1789246,1.9870453","-8.626495,5.114197,11.158722","2.495346,2.5730286,10.454041"
"6.451874,-7.1513977,1.6137543","0.5416107,3.252594,2.392624","6.2161865,3.252594,10.568893"
"3.6654358,-8.12767,1.1674957","0.36213684,2.53833,4.132202","4.902527,5.061569,5.594223"
"5.2913513,-9.282211,-0.57566833","-8.957901,6.988983,18.748764","3.5828857,4.554291,1.6747742"
"7.236725,-5.537445,-1.3533478","-4.3242035,-0.86665344,13.680771","1.6446991,6.153885,-2.9110718"
"8.528839,-5.681015,3.7684937","-9.600372,1.3371277,4.036499","6.8825836,7.395767,-2.0520477"
"11.422958,0.33813477,0.79063416","-9.347931,1.4926605,-0.80418396","5.4696198,7.4053345,0.30130005"
"11.274612,1.0224762,2.9214325","-8.145538,3.6593628,10.232712","4.122467,7.3610687,-0.010971069"
"11.102325,-0.14880371,8.1892395","-1.8703613,3.4392242,18.910278","4.2600555,7.32518,-0.111465454"
"14.352982,-1.8979645,8.836502","3.941803,2.59935,5.9663086","4.5519714,7.1086273,-0.72402954"
"9.726456,-7.3344574,7.734604","4.3713226,2.4330444,-3.0989075","3.88797,6.754486,1.2823486"
"4.7445984,-5.4943695,4.171692","1.1876678,8.182999,20.615158","2.2153778,5.5233765,5.41835"
"3.6570587,-5.063675,1.8614197","-4.2093506,1.9221802,11.395615","3.7336273,5.209915,8.343567"
"2.811203,-5.805435,-0.113861084","-6.414337,2.6208801,0.55851746","2.5587616,4.7959595,7.5563354"
"4.4407043,-9.517914,1.3254242","-9.635071,1.822876,4.3726807","-0.8462372,4.082901,9.882156"
"8.415192,-7.9960785,3.1056824","-9.264175,2.8553772,3.8079834","4.1894684,3.4655457,14.318451"
"10.214584,-8.965164,1.8542328","-5.550522,3.532547,15.114059","1.3384094,4.3138123,6.021332"
"10.110504,-3.7775269,0.1242218","-0.84503174,3.795761,6.571686","3.0277405,3.2154999,8.849655"
"11.294952,-3.814621,0.9425659","3.2359161,2.261963,8.387848","1.8301392,3.4152985,8.468002"
"10.200241,-3.5561829,-0.83888245","1.6195679,2.1148071,4.866806","2.4187775,3.2669373,8.17009"
"18.89096,-3.0166016,1.1363983","-2.7413483,2.0262604,29.25325","2.7106934,3.0348358,8.684555"
"15.963348,-11.146225,1.9930267","-6.501663,1.1684418,6.4053802","2.2620392,3.1221771,8.500305"
"9.549393,-11.758789,5.5391846","-7.6203156,0.8274689,-0.16529846","2.5144806,3.1736298,8.624725"
"0.36094666,-9.356384,2.0325012","-10.150726,1.8360443,1.3744812","2.5994263,2.9606628,10.192032"
"-2.0821228,-6.633362,-2.616745","-11.643845,3.0360413,26.471603","2.7848816,5.4707336,10.315262"
"4.8474884,-7.3595734,2.2227325","-0.037460327,3.795761,12.621933","3.7503815,4.535141,10.540192"
"4.44191,-9.267853,3.8594208","3.7539673,2.1817932,4.3631134","3.8125916,3.7610626,4.217148"
"9.576904,-11.018204,1.5036926","1.3587494,2.3277588,-0.8305054","3.7479858,5.7040405,-1.2624207"
"10.847488,-7.2686462,1.5826569","-4.8302765,1.1074219,32.66063","3.2957458,7.164856,-1.9108734"
"13.064438,-5.722885,-3.0223389","-4.2332764,0.92796326,10.594025","3.8018188,7.85997,1.2596283"
"12.691162,-3.70813,-1.8594208","-6.833069,0.71380615,0.28215027","4.2062073,7.9879913,1.7166443"
"14.640121,-7.036545,0.72961426","-7.3128357,2.2930603,-1.280365","3.9776917,7.8898773,0.50468445"
"14.350586,-9.483215,3.7828522","-10.381638,2.5646515,1.9954071","4.36174,7.168442,0.10986328"
"11.527054,-11.0421295,2.6378937","-11.409348,4.4549866,13.003601","3.7719116,7.271332,1.9272156"
"7.0668335,-9.46167,2.3148499","-7.8249054,6.096451,16.689743","3.5852814,6.570236,4.1011047"
"2.4594574,-8.112122,2.154541","2.6568604,4.042221,5.1563263","2.2919617,4.654785,8.165314"
"-0.6966858,-5.8401337,-1.1044922","2.2931519,2.6974487,2.0671997","3.5673218,6.158676,4.7507477"
"2.787262,-8.113327,0.17088318","-12.848633,6.9782104,32.91667","2.6963348,4.711014,7.0957184"
"8.690369,-11.738449,1.5479584","-8.381226,2.2332458,8.401001","2.8171844,4.5076294,7.5862427"
"-0.46817017,4.4262695,6.0907288","-4.2548065,5.9002533,7.214157","2.0873718,2.5131989,8.763519"
"0.015182495,5.615494,8.562515","-7.08432,5.1034393,7.6640167","2.2333374,2.45578,9.137985"
"0.76652527,6.158676,9.617752","-6.7445374,3.4906769,8.745575","1.6315308,2.6723328,9.015961"
"-0.29348755,6.3130035,9.688339","-4.848236,2.7752228,8.073181","2.3900604,3.0360413,8.822144"
"-0.5866089,3.868744,5.2759705","-1.6980743,5.3546906,7.0466614","2.5886688,3.2047272,10.785446"
"-2.5271912,-2.6588745,1.7872314","-2.0893097,4.3975525,12.766708","5.0317383,3.939331,11.666"
"4.07341,-6.781708,-5.254837","-6.9096527,1.5668488,3.2480621","3.6785889,4.5626526,8.219147"
"11.987671,-9.751205,3.3940125","-8.196991,0.6671448,5.423126","3.329239,4.5423126,3.4430695"
"12.012802,-11.931076,-2.8596191","-11.885513,4.198944,12.6698","4.7816925,4.967041,0.74157715"
"15.870026,-13.393082,7.911667","-5.353119,5.274521,12.9366","3.773117,7.2845,-5.4366913"
"10.293549,-5.647522,-3.7342072","0.3166809,5.8320465,2.4979095","4.166733,7.603943,-2.131012"
"6.5643463,-3.2475128,-1.6213379","2.2141876,3.2346344,1.5359955","3.7946472,7.26416,1.480957"
"6.2532654,-3.8158112,-4.2534485","-2.2891083,7.370636,27.98027","4.7577515,8.011917,-1.4047852"
"9.442902,-4.594681,-3.8670044","-6.3174286,3.1700287,7.089737","4.56514,7.3144073,-2.2530365"
"12.194656,-8.060684,-2.5892334","-6.71344,-1.6993561,4.3188477","2.7250519,6.1981506,0.046463013"
"13.022568,-6.057892,-3.0677948","-7.6861115,-0.014816284,-1.5698853","2.6149902,5.640625,5.064209"
"11.966141,-9.301361,-0.4153595","-14.188614,3.4224854,13.291931","0.855072,5.213501,8.177277"
"5.4600525,-6.6884003,-0.1449585","-11.406952,7.637436,20.488342","0.9148865,5.303238,10.261414"
"2.9715118,-5.7288666,-0.46321106","-0.67276,5.1441193,4.205185","5.589264,5.090271,15.469406"
"-0.5172119,-6.5986633,1.7034912","2.248886,3.512207,2.4380798","1.8373108,3.8926697,6.827713"
"5.126251,-10.756195,1.7190399","-3.040451,4.267151,22.833313","1.5298462,2.3397217,10.054443"
"12.381287,-10.725082,1.8984985","-5.3770447,1.6422119,13.5336","3.3220673,3.7825928,7.731018"
"14.551575,-7.7962646,0.53219604","-6.3580933,1.6625519,3.7266235","2.0335236,3.1592712,8.868805"
"8.234528,-3.9725342,-0.88435364","-6.9790344,-0.49816895,0.29171753","3.0875702,3.2143097,8.294525"
"8.658066,-4.44751,-3.977066","-10.614929,0.4936676,8.605591","2.6413116,3.3255615,8.0707855"
"14.167526,-2.7725372,-3.4985046","-6.8019714,5.583191,13.312271","2.5025177,3.0827026,8.755142"
"15.418976,-7.031769,-2.1669006","2.0933533,3.294464,5.258026","3.021759,2.0920715,13.05983"
"12.788071,-11.3173065,1.7800598","2.355362,0.8717346,5.626526","0.9938507,5.060364,9.3198395"
"8.936829,-9.677032,1.3397827","1.5394135,5.5855865,18.843277","2.0909576,7.2581787,9.818756"
"4.840317,-7.719696,0.8648071","-5.497879,1.6290588,18.703293","1.6805878,5.7997437,4.7244263"
"1.8636322,-6.4060364,0.36590576","-6.2791443,2.258377,3.2564392","2.095749,5.4815063,0.8492584"
"0.75935364,-7.0269775,-0.64746094","-8.868164,-0.15478516,-1.855835","3.263443,6.7532806,-1.362915"
"3.3938446,-8.66127,2.3615112","-10.61972,2.0023346,8.9704895","3.8341217,7.6075287,1.1100769"
"8.957169,-12.295975,2.6845398","-5.999176,3.4882813,15.143982","4.3665314,8.922379,2.7623138"
"13.252274,-7.329666,5.21257","0.4434967,3.2202911,3.1607208","2.6532745,7.5859833,1.9260254"
"12.058258,-5.5386353,2.0755768","4.3796997,3.0767212,12.723633","3.428543,7.526169,-1.4287109"
"11.588074,-3.2223969,-1.5363922","1.7224579,5.1776123,11.700699","1.4113922,5.1321564,4.4660034"
"12.912506,-3.6530914,2.8604126","-6.0865173,1.9987488,22.454056","2.0706177,4.621277,5.626526"
"15.983688,-3.9988556,0.36590576","-5.723999,1.3873901,5.84906","-0.17982483,2.8529816,10.84407"
"12.881393,-12.202652,2.0863342","-5.866379,-0.2552948,-1.3569336","9.47641,4.4633636,23.707886"
"6.164734,-9.464066,2.7730865","-8.330978,2.7883759,4.7423706","0.22216797,4.005127,6.2534485"
"2.7800903,-8.606247,2.1042938","-11.158096,3.9812012,20.826935","-0.6512146,1.6434174,9.451447"
"1.6841736,-6.185898,0.223526","-3.7403564,5.282898,8.093521","0.5930481,2.690277,9.371292"
"3.3005219,-7.6515045,-2.8763733","1.9126892,2.0454102,6.3886414","0.78567505,2.464157,9.170288"
"5.786667,-8.888596,2.3100739","-0.0039520264,4.5040283,5.9208374","1.2008209,2.2571716,9.456238"
"8.031143,-9.168549,2.071991","-10.248825,3.964447,21.506485","1.0129852,2.275116,9.2947235"
"10.520874,-6.653702,-3.2197418","-8.307053,2.143509,6.129013","0.8837738,2.3146057,9.3198395"
"10.358154,-5.2634735,-2.016159","-6.208542,0.40274048,0.5106659","1.0620422,2.3170013,9.303101"
"11.826157,-4.1663513,-1.8139648","-7.251816,0.38598633,-0.4273224","0.8933563,2.3265686,9.193024"
"17.403824,-3.2702484,-1.4263153","-9.0954895,4.7504883,18.331223","0.908905,2.242813,9.261215"
"4.5280457,4.700241,5.3369904","-5.5493317,3.9584656,13.5156555","2.6221619,3.6713257,7.8004"
"1.4520721,-0.8977661,2.902298","-4.083725,2.5108185,7.440277","2.7142944,3.5780182,8.137787"
"9.428543,-4.1173096,-2.940979","-3.0930939,3.6497955,4.716049","2.9404144,3.6186829,8.387848"
"9.137817,-6.896576,-0.16769409","-4.6113434,5.6298523,6.79303","2.9248505,3.684494,8.117447"
"18.680405,-10.327881,4.517456","-9.489105,4.1833954,6.38266","2.5599518,3.5480957,8.25145"
"28.285187,-0.04232788,-5.8039856","-10.120819,-0.46824646,9.171494","2.750183,3.5433197,8.075577"
"16.382095,1.8204803,0.8097687","-12.730179,3.910614,9.2947235","2.664032,3.5253754,8.278961"
"11.012604,-4.847122,-2.863205","-9.603958,8.06456,13.155533","2.6903534,3.4547882,8.217957"
"9.927444,-5.051697,-1.5591278","-0.9898071,5.6454163,3.7720795","2.6161804,3.4619598,8.178467"
"8.177109,-6.461075,-0.60917664","0.5428009,1.9772186,4.458832","2.5551605,3.449997,8.125824"
"5.795044,-7.3392487,1.0969086","1.1649323,8.007126,15.206192","2.4941406,3.4571686,8.083954"
"3.5912628,-10.404449,-1.6309052","-8.120407,3.2561798,16.49353","2.6173706,3.4655457,8.226318"
"9.940613,-7.3954773,-2.5078735","-4.7070465,1.4376373,2.9058838","2.7573547,3.4440155,8.304092"
"7.952179,-6.0686493,0.16490173","-6.2312775,-0.16436768,-0.02293396","2.7071075,3.60672,8.253845"
"8.531235,-4.012024,-0.53260803","-12.1595,3.642624,2.5912323","2.947586,2.241623,15.163116"
"11.6861725,-3.017807,-1.1451721","-7.6167297,5.487488,22.400208","5.8680267,3.7000427,13.82074"
"15.133041,-1.1860962,-1.5196381","1.6925507,3.8831024,5.0390778","3.2395172,4.604538,5.433899"
"17.338028,-1.4899902,-3.442276","5.494751,1.5907745,6.745163","2.2177734,3.8807068,1.0526428"
"12.224564,-6.8941803,-0.11984253","4.636917,3.8089142,23.347763","5.0030212,6.408722,-5.378067"
"10.721863,-6.0782166,-1.4191437","-6.583023,2.33255,18.330017","5.7555695,7.769043,-2.1704865"
"6.8119965,-7.382309,0.31326294","-7.856003,0.80352783,0.7619171","4.09494,6.6623535,1.0442657"
"5.6742096,-6.9934845,-0.16769409","-8.266373,-0.10574341,-0.08753967","3.9765015,7.000946,-3.1730804"
"5.2387085,-9.300156,2.015747","-9.580032,1.8468018,15.353348","3.2658386,5.8200836,0.94137573"
"3.3005219,-5.6834106,-2.5569305","-7.4264984,6.923172,15.516052","3.7085114,4.945511,4.1776733"
"4.9886627,-7.667053,-0.88435364","3.4189758,3.31839,2.4883423","1.9126892,4.7636566,7.138794"
"9.141403,-7.4241943,0.16848755","8.254868,0.63723755,4.3391876","-0.20376587,4.379608,8.235901"
"15.479996,-5.422592,-0.58525085","-2.168274,8.898453,25.812378","-0.82110596,-1.4062347,17.35614"
"11.960159,-3.9246826,-2.3308105","-8.022308,2.4916687,19.069397","5.0293427,5.6298523,6.9437714"
"13.983292,-4.587494,-5.98584","-7.9696655,1.8946686,-1.354538","2.2668304,3.3231812,7.9355927"
"13.918686,-7.7089386,-0.7934265","-9.258194,-0.51013184,-2.3116608","2.8530731,3.4930725,8.219147"
"11.152573,-9.109924,2.2669983","-10.839859,4.2707367,7.2357025","2.8602448,3.552887,7.788437"
"6.834732,-9.560974,4.3092804","-10.070572,8.06575,18.617157","2.9440002,3.2765198,8.304092"
"3.4369202,-7.2363434,1.3062744","4.2014313,1.6936646,5.3417816","2.7609406,3.240631,8.239487"
"3.7384186,-6.3498077,1.1639099","3.8484802,2.3995514,2.7658997","2.8638458,3.1927643,8.256241"
"3.4835815,-5.6989594,3.3042908","2.7142944,5.7530823,17.881363","3.1258545,2.9211884,9.0327"
"5.9900665,-6.6608734,0.35154724","-4.9571075,0.59895325,28.218353","4.1763,3.2717285,9.114059"
"6.473419,-6.931259,2.4895325","-5.4344635,1.5728302,1.1627045","0.96154785,5.5317535,6.81575"
"12.171921,-8.746216,-2.4432678","-8.991394,0.36445618,2.1820526","2.905716,5.105835,12.046463"
"13.753571,-4.440338,-5.0933228","-11.211945,2.241623,3.202591","2.9164886,3.5792084,10.829712"
"13.532242,-6.663269,-2.4827576","-6.2360687,8.162659,14.846069","3.1007233,4.1630554,0.6901245"
"13.090759,-5.2802124,-1.5328064","-1.6861115,5.254181,11.847855","3.3148804,7.1875916,-2.9170532"
"11.192062,-8.888596,1.8039856","3.8413086,3.105423,3.6847534","4.6333313,7.5895844,-1.8666077"
"7.4257507,-7.6467133,1.6173553","0.87779236,2.6603699,10.028122","4.0758057,7.4089203,-2.0376892"
"5.609604,-8.343033,1.2177429","-4.783615,7.6446075,18.480774","4.274414,7.583603,0.06201172"
"3.4082031,-8.198257,2.0037842","-5.2741547,2.5933685,8.074387","4.8151855,7.122986,-2.6670074"
"2.191452,-4.4379425,3.8713837","-7.655014,0.027069092,2.664215","3.3878632,6.7389374,-1.9276123"
"8.016785,-3.5083313,0.9700928","-9.528595,0.9494934,0.35513306","3.2610474,6.231659,-0.4691925"
"6.028351,-1.8321533,2.5924225","-13.253021,5.0830994,20.33879","1.730835,4.226471,5.311859"
"1.9545593,-7.062866,2.6139526","-5.4584045,8.74411,13.705887","0.42913818,5.007721,5.3668976"
"10.690765,-9.723694,0.92941284","2.9715118,3.5313568,4.6598206","3.9896698,-0.5424347,20.88675"
